calendar_date,year,month,day,day_of_week_number,day_of_week_text,quarter,iso_week_number,iso_year
2011-01-01 00:00:00,2011,1,1,6,Saturday ,1,52,2010
2011-01-02 00:00:00,2011,1,2,7,Sunday   ,1,52,2010
2011-01-03 00:00:00,2011,1,3,1,Monday   ,1,1,2011
2011-01-04 00:00:00,2011,1,4,2,Tuesday  ,1,1,2011
2011-01-05 00:00:00,2011,1,5,3,Wednesday,1,1,2011
2011-01-06 00:00:00,2011,1,6,4,Thursday ,1,1,2011
2011-01-07 00:00:00,2011,1,7,5,Friday   ,1,1,2011
2011-01-08 00:00:00,2011,1,8,6,Saturday ,1,1,2011
2011-01-09 00:00:00,2011,1,9,7,Sunday   ,1,1,2011
2011-01-10 00:00:00,2011,1,10,1,Monday   ,1,2,2011
2011-01-11 00:00:00,2011,1,11,2,Tuesday  ,1,2,2011
2011-01-12 00:00:00,2011,1,12,3,Wednesday,1,2,2011
2011-01-13 00:00:00,2011,1,13,4,Thursday ,1,2,2011
2011-01-14 00:00:00,2011,1,14,5,Friday   ,1,2,2011
2011-01-15 00:00:00,2011,1,15,6,Saturday ,1,2,2011
2011-01-16 00:00:00,2011,1,16,7,Sunday   ,1,2,2011
2011-01-17 00:00:00,2011,1,17,1,Monday   ,1,3,2011
2011-01-18 00:00:00,2011,1,18,2,Tuesday  ,1,3,2011
2011-01-19 00:00:00,2011,1,19,3,Wednesday,1,3,2011
2011-01-20 00:00:00,2011,1,20,4,Thursday ,1,3,2011
2011-01-21 00:00:00,2011,1,21,5,Friday   ,1,3,2011
2011-01-22 00:00:00,2011,1,22,6,Saturday ,1,3,2011
2011-01-23 00:00:00,2011,1,23,7,Sunday   ,1,3,2011
2011-01-24 00:00:00,2011,1,24,1,Monday   ,1,4,2011
2011-01-25 00:00:00,2011,1,25,2,Tuesday  ,1,4,2011
2011-01-26 00:00:00,2011,1,26,3,Wednesday,1,4,2011
2011-01-27 00:00:00,2011,1,27,4,Thursday ,1,4,2011
2011-01-28 00:00:00,2011,1,28,5,Friday   ,1,4,2011
2011-01-29 00:00:00,2011,1,29,6,Saturday ,1,4,2011
2011-01-30 00:00:00,2011,1,30,7,Sunday   ,1,4,2011
2011-01-31 00:00:00,2011,1,31,1,Monday   ,1,5,2011
2011-02-01 00:00:00,2011,2,1,2,Tuesday  ,1,5,2011
2011-02-02 00:00:00,2011,2,2,3,Wednesday,1,5,2011
2011-02-03 00:00:00,2011,2,3,4,Thursday ,1,5,2011
2011-02-04 00:00:00,2011,2,4,5,Friday   ,1,5,2011
2011-02-05 00:00:00,2011,2,5,6,Saturday ,1,5,2011
2011-02-06 00:00:00,2011,2,6,7,Sunday   ,1,5,2011
2011-02-07 00:00:00,2011,2,7,1,Monday   ,1,6,2011
2011-02-08 00:00:00,2011,2,8,2,Tuesday  ,1,6,2011
2011-02-09 00:00:00,2011,2,9,3,Wednesday,1,6,2011
2011-02-10 00:00:00,2011,2,10,4,Thursday ,1,6,2011
2011-02-11 00:00:00,2011,2,11,5,Friday   ,1,6,2011
2011-02-12 00:00:00,2011,2,12,6,Saturday ,1,6,2011
2011-02-13 00:00:00,2011,2,13,7,Sunday   ,1,6,2011
2011-02-14 00:00:00,2011,2,14,1,Monday   ,1,7,2011
2011-02-15 00:00:00,2011,2,15,2,Tuesday  ,1,7,2011
2011-02-16 00:00:00,2011,2,16,3,Wednesday,1,7,2011
2011-02-17 00:00:00,2011,2,17,4,Thursday ,1,7,2011
2011-02-18 00:00:00,2011,2,18,5,Friday   ,1,7,2011
2011-02-19 00:00:00,2011,2,19,6,Saturday ,1,7,2011
2011-02-20 00:00:00,2011,2,20,7,Sunday   ,1,7,2011
2011-02-21 00:00:00,2011,2,21,1,Monday   ,1,8,2011
2011-02-22 00:00:00,2011,2,22,2,Tuesday  ,1,8,2011
2011-02-23 00:00:00,2011,2,23,3,Wednesday,1,8,2011
2011-02-24 00:00:00,2011,2,24,4,Thursday ,1,8,2011
2011-02-25 00:00:00,2011,2,25,5,Friday   ,1,8,2011
2011-02-26 00:00:00,2011,2,26,6,Saturday ,1,8,2011
2011-02-27 00:00:00,2011,2,27,7,Sunday   ,1,8,2011
2011-02-28 00:00:00,2011,2,28,1,Monday   ,1,9,2011
2011-03-01 00:00:00,2011,3,1,2,Tuesday  ,1,9,2011
2011-03-02 00:00:00,2011,3,2,3,Wednesday,1,9,2011
2011-03-03 00:00:00,2011,3,3,4,Thursday ,1,9,2011
2011-03-04 00:00:00,2011,3,4,5,Friday   ,1,9,2011
2011-03-05 00:00:00,2011,3,5,6,Saturday ,1,9,2011
2011-03-06 00:00:00,2011,3,6,7,Sunday   ,1,9,2011
2011-03-07 00:00:00,2011,3,7,1,Monday   ,1,10,2011
2011-03-08 00:00:00,2011,3,8,2,Tuesday  ,1,10,2011
2011-03-09 00:00:00,2011,3,9,3,Wednesday,1,10,2011
2011-03-10 00:00:00,2011,3,10,4,Thursday ,1,10,2011
2011-03-11 00:00:00,2011,3,11,5,Friday   ,1,10,2011
2011-03-12 00:00:00,2011,3,12,6,Saturday ,1,10,2011
2011-03-13 00:00:00,2011,3,13,7,Sunday   ,1,10,2011
2011-03-14 00:00:00,2011,3,14,1,Monday   ,1,11,2011
2011-03-15 00:00:00,2011,3,15,2,Tuesday  ,1,11,2011
2011-03-16 00:00:00,2011,3,16,3,Wednesday,1,11,2011
2011-03-17 00:00:00,2011,3,17,4,Thursday ,1,11,2011
2011-03-18 00:00:00,2011,3,18,5,Friday   ,1,11,2011
2011-03-19 00:00:00,2011,3,19,6,Saturday ,1,11,2011
2011-03-20 00:00:00,2011,3,20,7,Sunday   ,1,11,2011
2011-03-21 00:00:00,2011,3,21,1,Monday   ,1,12,2011
2011-03-22 00:00:00,2011,3,22,2,Tuesday  ,1,12,2011
2011-03-23 00:00:00,2011,3,23,3,Wednesday,1,12,2011
2011-03-24 00:00:00,2011,3,24,4,Thursday ,1,12,2011
2011-03-25 00:00:00,2011,3,25,5,Friday   ,1,12,2011
2011-03-26 00:00:00,2011,3,26,6,Saturday ,1,12,2011
2011-03-27 00:00:00,2011,3,27,7,Sunday   ,1,12,2011
2011-03-28 00:00:00,2011,3,28,1,Monday   ,1,13,2011
2011-03-29 00:00:00,2011,3,29,2,Tuesday  ,1,13,2011
2011-03-30 00:00:00,2011,3,30,3,Wednesday,1,13,2011
2011-03-31 00:00:00,2011,3,31,4,Thursday ,1,13,2011
2011-04-01 00:00:00,2011,4,1,5,Friday   ,2,13,2011
2011-04-02 00:00:00,2011,4,2,6,Saturday ,2,13,2011
2011-04-03 00:00:00,2011,4,3,7,Sunday   ,2,13,2011
2011-04-04 00:00:00,2011,4,4,1,Monday   ,2,14,2011
2011-04-05 00:00:00,2011,4,5,2,Tuesday  ,2,14,2011
2011-04-06 00:00:00,2011,4,6,3,Wednesday,2,14,2011
2011-04-07 00:00:00,2011,4,7,4,Thursday ,2,14,2011
2011-04-08 00:00:00,2011,4,8,5,Friday   ,2,14,2011
2011-04-09 00:00:00,2011,4,9,6,Saturday ,2,14,2011
2011-04-10 00:00:00,2011,4,10,7,Sunday   ,2,14,2011
2011-04-11 00:00:00,2011,4,11,1,Monday   ,2,15,2011
2011-04-12 00:00:00,2011,4,12,2,Tuesday  ,2,15,2011
2011-04-13 00:00:00,2011,4,13,3,Wednesday,2,15,2011
2011-04-14 00:00:00,2011,4,14,4,Thursday ,2,15,2011
2011-04-15 00:00:00,2011,4,15,5,Friday   ,2,15,2011
2011-04-16 00:00:00,2011,4,16,6,Saturday ,2,15,2011
2011-04-17 00:00:00,2011,4,17,7,Sunday   ,2,15,2011
2011-04-18 00:00:00,2011,4,18,1,Monday   ,2,16,2011
2011-04-19 00:00:00,2011,4,19,2,Tuesday  ,2,16,2011
2011-04-20 00:00:00,2011,4,20,3,Wednesday,2,16,2011
2011-04-21 00:00:00,2011,4,21,4,Thursday ,2,16,2011
2011-04-22 00:00:00,2011,4,22,5,Friday   ,2,16,2011
2011-04-23 00:00:00,2011,4,23,6,Saturday ,2,16,2011
2011-04-24 00:00:00,2011,4,24,7,Sunday   ,2,16,2011
2011-04-25 00:00:00,2011,4,25,1,Monday   ,2,17,2011
2011-04-26 00:00:00,2011,4,26,2,Tuesday  ,2,17,2011
2011-04-27 00:00:00,2011,4,27,3,Wednesday,2,17,2011
2011-04-28 00:00:00,2011,4,28,4,Thursday ,2,17,2011
2011-04-29 00:00:00,2011,4,29,5,Friday   ,2,17,2011
2011-04-30 00:00:00,2011,4,30,6,Saturday ,2,17,2011
2011-05-01 00:00:00,2011,5,1,7,Sunday   ,2,17,2011
2011-05-02 00:00:00,2011,5,2,1,Monday   ,2,18,2011
2011-05-03 00:00:00,2011,5,3,2,Tuesday  ,2,18,2011
2011-05-04 00:00:00,2011,5,4,3,Wednesday,2,18,2011
2011-05-05 00:00:00,2011,5,5,4,Thursday ,2,18,2011
2011-05-06 00:00:00,2011,5,6,5,Friday   ,2,18,2011
2011-05-07 00:00:00,2011,5,7,6,Saturday ,2,18,2011
2011-05-08 00:00:00,2011,5,8,7,Sunday   ,2,18,2011
2011-05-09 00:00:00,2011,5,9,1,Monday   ,2,19,2011
2011-05-10 00:00:00,2011,5,10,2,Tuesday  ,2,19,2011
2011-05-11 00:00:00,2011,5,11,3,Wednesday,2,19,2011
2011-05-12 00:00:00,2011,5,12,4,Thursday ,2,19,2011
2011-05-13 00:00:00,2011,5,13,5,Friday   ,2,19,2011
2011-05-14 00:00:00,2011,5,14,6,Saturday ,2,19,2011
2011-05-15 00:00:00,2011,5,15,7,Sunday   ,2,19,2011
2011-05-16 00:00:00,2011,5,16,1,Monday   ,2,20,2011
2011-05-17 00:00:00,2011,5,17,2,Tuesday  ,2,20,2011
2011-05-18 00:00:00,2011,5,18,3,Wednesday,2,20,2011
2011-05-19 00:00:00,2011,5,19,4,Thursday ,2,20,2011
2011-05-20 00:00:00,2011,5,20,5,Friday   ,2,20,2011
2011-05-21 00:00:00,2011,5,21,6,Saturday ,2,20,2011
2011-05-22 00:00:00,2011,5,22,7,Sunday   ,2,20,2011
2011-05-23 00:00:00,2011,5,23,1,Monday   ,2,21,2011
2011-05-24 00:00:00,2011,5,24,2,Tuesday  ,2,21,2011
2011-05-25 00:00:00,2011,5,25,3,Wednesday,2,21,2011
2011-05-26 00:00:00,2011,5,26,4,Thursday ,2,21,2011
2011-05-27 00:00:00,2011,5,27,5,Friday   ,2,21,2011
2011-05-28 00:00:00,2011,5,28,6,Saturday ,2,21,2011
2011-05-29 00:00:00,2011,5,29,7,Sunday   ,2,21,2011
2011-05-30 00:00:00,2011,5,30,1,Monday   ,2,22,2011
2011-05-31 00:00:00,2011,5,31,2,Tuesday  ,2,22,2011
2011-06-01 00:00:00,2011,6,1,3,Wednesday,2,22,2011
2011-06-02 00:00:00,2011,6,2,4,Thursday ,2,22,2011
2011-06-03 00:00:00,2011,6,3,5,Friday   ,2,22,2011
2011-06-04 00:00:00,2011,6,4,6,Saturday ,2,22,2011
2011-06-05 00:00:00,2011,6,5,7,Sunday   ,2,22,2011
2011-06-06 00:00:00,2011,6,6,1,Monday   ,2,23,2011
2011-06-07 00:00:00,2011,6,7,2,Tuesday  ,2,23,2011
2011-06-08 00:00:00,2011,6,8,3,Wednesday,2,23,2011
2011-06-09 00:00:00,2011,6,9,4,Thursday ,2,23,2011
2011-06-10 00:00:00,2011,6,10,5,Friday   ,2,23,2011
2011-06-11 00:00:00,2011,6,11,6,Saturday ,2,23,2011
2011-06-12 00:00:00,2011,6,12,7,Sunday   ,2,23,2011
2011-06-13 00:00:00,2011,6,13,1,Monday   ,2,24,2011
2011-06-14 00:00:00,2011,6,14,2,Tuesday  ,2,24,2011
2011-06-15 00:00:00,2011,6,15,3,Wednesday,2,24,2011
2011-06-16 00:00:00,2011,6,16,4,Thursday ,2,24,2011
2011-06-17 00:00:00,2011,6,17,5,Friday   ,2,24,2011
2011-06-18 00:00:00,2011,6,18,6,Saturday ,2,24,2011
2011-06-19 00:00:00,2011,6,19,7,Sunday   ,2,24,2011
2011-06-20 00:00:00,2011,6,20,1,Monday   ,2,25,2011
2011-06-21 00:00:00,2011,6,21,2,Tuesday  ,2,25,2011
2011-06-22 00:00:00,2011,6,22,3,Wednesday,2,25,2011
2011-06-23 00:00:00,2011,6,23,4,Thursday ,2,25,2011
2011-06-24 00:00:00,2011,6,24,5,Friday   ,2,25,2011
2011-06-25 00:00:00,2011,6,25,6,Saturday ,2,25,2011
2011-06-26 00:00:00,2011,6,26,7,Sunday   ,2,25,2011
2011-06-27 00:00:00,2011,6,27,1,Monday   ,2,26,2011
2011-06-28 00:00:00,2011,6,28,2,Tuesday  ,2,26,2011
2011-06-29 00:00:00,2011,6,29,3,Wednesday,2,26,2011
2011-06-30 00:00:00,2011,6,30,4,Thursday ,2,26,2011
2011-07-01 00:00:00,2011,7,1,5,Friday   ,3,26,2011
2011-07-02 00:00:00,2011,7,2,6,Saturday ,3,26,2011
2011-07-03 00:00:00,2011,7,3,7,Sunday   ,3,26,2011
2011-07-04 00:00:00,2011,7,4,1,Monday   ,3,27,2011
2011-07-05 00:00:00,2011,7,5,2,Tuesday  ,3,27,2011
2011-07-06 00:00:00,2011,7,6,3,Wednesday,3,27,2011
2011-07-07 00:00:00,2011,7,7,4,Thursday ,3,27,2011
2011-07-08 00:00:00,2011,7,8,5,Friday   ,3,27,2011
2011-07-09 00:00:00,2011,7,9,6,Saturday ,3,27,2011
2011-07-10 00:00:00,2011,7,10,7,Sunday   ,3,27,2011
2011-07-11 00:00:00,2011,7,11,1,Monday   ,3,28,2011
2011-07-12 00:00:00,2011,7,12,2,Tuesday  ,3,28,2011
2011-07-13 00:00:00,2011,7,13,3,Wednesday,3,28,2011
2011-07-14 00:00:00,2011,7,14,4,Thursday ,3,28,2011
2011-07-15 00:00:00,2011,7,15,5,Friday   ,3,28,2011
2011-07-16 00:00:00,2011,7,16,6,Saturday ,3,28,2011
2011-07-17 00:00:00,2011,7,17,7,Sunday   ,3,28,2011
2011-07-18 00:00:00,2011,7,18,1,Monday   ,3,29,2011
2011-07-19 00:00:00,2011,7,19,2,Tuesday  ,3,29,2011
2011-07-20 00:00:00,2011,7,20,3,Wednesday,3,29,2011
2011-07-21 00:00:00,2011,7,21,4,Thursday ,3,29,2011
2011-07-22 00:00:00,2011,7,22,5,Friday   ,3,29,2011
2011-07-23 00:00:00,2011,7,23,6,Saturday ,3,29,2011
2011-07-24 00:00:00,2011,7,24,7,Sunday   ,3,29,2011
2011-07-25 00:00:00,2011,7,25,1,Monday   ,3,30,2011
2011-07-26 00:00:00,2011,7,26,2,Tuesday  ,3,30,2011
2011-07-27 00:00:00,2011,7,27,3,Wednesday,3,30,2011
2011-07-28 00:00:00,2011,7,28,4,Thursday ,3,30,2011
2011-07-29 00:00:00,2011,7,29,5,Friday   ,3,30,2011
2011-07-30 00:00:00,2011,7,30,6,Saturday ,3,30,2011
2011-07-31 00:00:00,2011,7,31,7,Sunday   ,3,30,2011
2011-08-01 00:00:00,2011,8,1,1,Monday   ,3,31,2011
2011-08-02 00:00:00,2011,8,2,2,Tuesday  ,3,31,2011
2011-08-03 00:00:00,2011,8,3,3,Wednesday,3,31,2011
2011-08-04 00:00:00,2011,8,4,4,Thursday ,3,31,2011
2011-08-05 00:00:00,2011,8,5,5,Friday   ,3,31,2011
2011-08-06 00:00:00,2011,8,6,6,Saturday ,3,31,2011
2011-08-07 00:00:00,2011,8,7,7,Sunday   ,3,31,2011
2011-08-08 00:00:00,2011,8,8,1,Monday   ,3,32,2011
2011-08-09 00:00:00,2011,8,9,2,Tuesday  ,3,32,2011
2011-08-10 00:00:00,2011,8,10,3,Wednesday,3,32,2011
2011-08-11 00:00:00,2011,8,11,4,Thursday ,3,32,2011
2011-08-12 00:00:00,2011,8,12,5,Friday   ,3,32,2011
2011-08-13 00:00:00,2011,8,13,6,Saturday ,3,32,2011
2011-08-14 00:00:00,2011,8,14,7,Sunday   ,3,32,2011
2011-08-15 00:00:00,2011,8,15,1,Monday   ,3,33,2011
2011-08-16 00:00:00,2011,8,16,2,Tuesday  ,3,33,2011
2011-08-17 00:00:00,2011,8,17,3,Wednesday,3,33,2011
2011-08-18 00:00:00,2011,8,18,4,Thursday ,3,33,2011
2011-08-19 00:00:00,2011,8,19,5,Friday   ,3,33,2011
2011-08-20 00:00:00,2011,8,20,6,Saturday ,3,33,2011
2011-08-21 00:00:00,2011,8,21,7,Sunday   ,3,33,2011
2011-08-22 00:00:00,2011,8,22,1,Monday   ,3,34,2011
2011-08-23 00:00:00,2011,8,23,2,Tuesday  ,3,34,2011
2011-08-24 00:00:00,2011,8,24,3,Wednesday,3,34,2011
2011-08-25 00:00:00,2011,8,25,4,Thursday ,3,34,2011
2011-08-26 00:00:00,2011,8,26,5,Friday   ,3,34,2011
2011-08-27 00:00:00,2011,8,27,6,Saturday ,3,34,2011
2011-08-28 00:00:00,2011,8,28,7,Sunday   ,3,34,2011
2011-08-29 00:00:00,2011,8,29,1,Monday   ,3,35,2011
2011-08-30 00:00:00,2011,8,30,2,Tuesday  ,3,35,2011
2011-08-31 00:00:00,2011,8,31,3,Wednesday,3,35,2011
2011-09-01 00:00:00,2011,9,1,4,Thursday ,3,35,2011
2011-09-02 00:00:00,2011,9,2,5,Friday   ,3,35,2011
2011-09-03 00:00:00,2011,9,3,6,Saturday ,3,35,2011
2011-09-04 00:00:00,2011,9,4,7,Sunday   ,3,35,2011
2011-09-05 00:00:00,2011,9,5,1,Monday   ,3,36,2011
2011-09-06 00:00:00,2011,9,6,2,Tuesday  ,3,36,2011
2011-09-07 00:00:00,2011,9,7,3,Wednesday,3,36,2011
2011-09-08 00:00:00,2011,9,8,4,Thursday ,3,36,2011
2011-09-09 00:00:00,2011,9,9,5,Friday   ,3,36,2011
2011-09-10 00:00:00,2011,9,10,6,Saturday ,3,36,2011
2011-09-11 00:00:00,2011,9,11,7,Sunday   ,3,36,2011
2011-09-12 00:00:00,2011,9,12,1,Monday   ,3,37,2011
2011-09-13 00:00:00,2011,9,13,2,Tuesday  ,3,37,2011
2011-09-14 00:00:00,2011,9,14,3,Wednesday,3,37,2011
2011-09-15 00:00:00,2011,9,15,4,Thursday ,3,37,2011
2011-09-16 00:00:00,2011,9,16,5,Friday   ,3,37,2011
2011-09-17 00:00:00,2011,9,17,6,Saturday ,3,37,2011
2011-09-18 00:00:00,2011,9,18,7,Sunday   ,3,37,2011
2011-09-19 00:00:00,2011,9,19,1,Monday   ,3,38,2011
2011-09-20 00:00:00,2011,9,20,2,Tuesday  ,3,38,2011
2011-09-21 00:00:00,2011,9,21,3,Wednesday,3,38,2011
2011-09-22 00:00:00,2011,9,22,4,Thursday ,3,38,2011
2011-09-23 00:00:00,2011,9,23,5,Friday   ,3,38,2011
2011-09-24 00:00:00,2011,9,24,6,Saturday ,3,38,2011
2011-09-25 00:00:00,2011,9,25,7,Sunday   ,3,38,2011
2011-09-26 00:00:00,2011,9,26,1,Monday   ,3,39,2011
2011-09-27 00:00:00,2011,9,27,2,Tuesday  ,3,39,2011
2011-09-28 00:00:00,2011,9,28,3,Wednesday,3,39,2011
2011-09-29 00:00:00,2011,9,29,4,Thursday ,3,39,2011
2011-09-30 00:00:00,2011,9,30,5,Friday   ,3,39,2011
2011-10-01 00:00:00,2011,10,1,6,Saturday ,4,39,2011
2011-10-02 00:00:00,2011,10,2,7,Sunday   ,4,39,2011
2011-10-03 00:00:00,2011,10,3,1,Monday   ,4,40,2011
2011-10-04 00:00:00,2011,10,4,2,Tuesday  ,4,40,2011
2011-10-05 00:00:00,2011,10,5,3,Wednesday,4,40,2011
2011-10-06 00:00:00,2011,10,6,4,Thursday ,4,40,2011
2011-10-07 00:00:00,2011,10,7,5,Friday   ,4,40,2011
2011-10-08 00:00:00,2011,10,8,6,Saturday ,4,40,2011
2011-10-09 00:00:00,2011,10,9,7,Sunday   ,4,40,2011
2011-10-10 00:00:00,2011,10,10,1,Monday   ,4,41,2011
2011-10-11 00:00:00,2011,10,11,2,Tuesday  ,4,41,2011
2011-10-12 00:00:00,2011,10,12,3,Wednesday,4,41,2011
2011-10-13 00:00:00,2011,10,13,4,Thursday ,4,41,2011
2011-10-14 00:00:00,2011,10,14,5,Friday   ,4,41,2011
2011-10-15 00:00:00,2011,10,15,6,Saturday ,4,41,2011
2011-10-16 00:00:00,2011,10,16,7,Sunday   ,4,41,2011
2011-10-17 00:00:00,2011,10,17,1,Monday   ,4,42,2011
2011-10-18 00:00:00,2011,10,18,2,Tuesday  ,4,42,2011
2011-10-19 00:00:00,2011,10,19,3,Wednesday,4,42,2011
2011-10-20 00:00:00,2011,10,20,4,Thursday ,4,42,2011
2011-10-21 00:00:00,2011,10,21,5,Friday   ,4,42,2011
2011-10-22 00:00:00,2011,10,22,6,Saturday ,4,42,2011
2011-10-23 00:00:00,2011,10,23,7,Sunday   ,4,42,2011
2011-10-24 00:00:00,2011,10,24,1,Monday   ,4,43,2011
2011-10-25 00:00:00,2011,10,25,2,Tuesday  ,4,43,2011
2011-10-26 00:00:00,2011,10,26,3,Wednesday,4,43,2011
2011-10-27 00:00:00,2011,10,27,4,Thursday ,4,43,2011
2011-10-28 00:00:00,2011,10,28,5,Friday   ,4,43,2011
2011-10-29 00:00:00,2011,10,29,6,Saturday ,4,43,2011
2011-10-30 00:00:00,2011,10,30,7,Sunday   ,4,43,2011
2011-10-31 00:00:00,2011,10,31,1,Monday   ,4,44,2011
2011-11-01 00:00:00,2011,11,1,2,Tuesday  ,4,44,2011
2011-11-02 00:00:00,2011,11,2,3,Wednesday,4,44,2011
2011-11-03 00:00:00,2011,11,3,4,Thursday ,4,44,2011
2011-11-04 00:00:00,2011,11,4,5,Friday   ,4,44,2011
2011-11-05 00:00:00,2011,11,5,6,Saturday ,4,44,2011
2011-11-06 00:00:00,2011,11,6,7,Sunday   ,4,44,2011
2011-11-07 00:00:00,2011,11,7,1,Monday   ,4,45,2011
2011-11-08 00:00:00,2011,11,8,2,Tuesday  ,4,45,2011
2011-11-09 00:00:00,2011,11,9,3,Wednesday,4,45,2011
2011-11-10 00:00:00,2011,11,10,4,Thursday ,4,45,2011
2011-11-11 00:00:00,2011,11,11,5,Friday   ,4,45,2011
2011-11-12 00:00:00,2011,11,12,6,Saturday ,4,45,2011
2011-11-13 00:00:00,2011,11,13,7,Sunday   ,4,45,2011
2011-11-14 00:00:00,2011,11,14,1,Monday   ,4,46,2011
2011-11-15 00:00:00,2011,11,15,2,Tuesday  ,4,46,2011
2011-11-16 00:00:00,2011,11,16,3,Wednesday,4,46,2011
2011-11-17 00:00:00,2011,11,17,4,Thursday ,4,46,2011
2011-11-18 00:00:00,2011,11,18,5,Friday   ,4,46,2011
2011-11-19 00:00:00,2011,11,19,6,Saturday ,4,46,2011
2011-11-20 00:00:00,2011,11,20,7,Sunday   ,4,46,2011
2011-11-21 00:00:00,2011,11,21,1,Monday   ,4,47,2011
2011-11-22 00:00:00,2011,11,22,2,Tuesday  ,4,47,2011
2011-11-23 00:00:00,2011,11,23,3,Wednesday,4,47,2011
2011-11-24 00:00:00,2011,11,24,4,Thursday ,4,47,2011
2011-11-25 00:00:00,2011,11,25,5,Friday   ,4,47,2011
2011-11-26 00:00:00,2011,11,26,6,Saturday ,4,47,2011
2011-11-27 00:00:00,2011,11,27,7,Sunday   ,4,47,2011
2011-11-28 00:00:00,2011,11,28,1,Monday   ,4,48,2011
2011-11-29 00:00:00,2011,11,29,2,Tuesday  ,4,48,2011
2011-11-30 00:00:00,2011,11,30,3,Wednesday,4,48,2011
2011-12-01 00:00:00,2011,12,1,4,Thursday ,4,48,2011
2011-12-02 00:00:00,2011,12,2,5,Friday   ,4,48,2011
2011-12-03 00:00:00,2011,12,3,6,Saturday ,4,48,2011
2011-12-04 00:00:00,2011,12,4,7,Sunday   ,4,48,2011
2011-12-05 00:00:00,2011,12,5,1,Monday   ,4,49,2011
2011-12-06 00:00:00,2011,12,6,2,Tuesday  ,4,49,2011
2011-12-07 00:00:00,2011,12,7,3,Wednesday,4,49,2011
2011-12-08 00:00:00,2011,12,8,4,Thursday ,4,49,2011
2011-12-09 00:00:00,2011,12,9,5,Friday   ,4,49,2011
2011-12-10 00:00:00,2011,12,10,6,Saturday ,4,49,2011
2011-12-11 00:00:00,2011,12,11,7,Sunday   ,4,49,2011
2011-12-12 00:00:00,2011,12,12,1,Monday   ,4,50,2011
2011-12-13 00:00:00,2011,12,13,2,Tuesday  ,4,50,2011
2011-12-14 00:00:00,2011,12,14,3,Wednesday,4,50,2011
2011-12-15 00:00:00,2011,12,15,4,Thursday ,4,50,2011
2011-12-16 00:00:00,2011,12,16,5,Friday   ,4,50,2011
2011-12-17 00:00:00,2011,12,17,6,Saturday ,4,50,2011
2011-12-18 00:00:00,2011,12,18,7,Sunday   ,4,50,2011
2011-12-19 00:00:00,2011,12,19,1,Monday   ,4,51,2011
2011-12-20 00:00:00,2011,12,20,2,Tuesday  ,4,51,2011
2011-12-21 00:00:00,2011,12,21,3,Wednesday,4,51,2011
2011-12-22 00:00:00,2011,12,22,4,Thursday ,4,51,2011
2011-12-23 00:00:00,2011,12,23,5,Friday   ,4,51,2011
2011-12-24 00:00:00,2011,12,24,6,Saturday ,4,51,2011
2011-12-25 00:00:00,2011,12,25,7,Sunday   ,4,51,2011
2011-12-26 00:00:00,2011,12,26,1,Monday   ,4,52,2011
2011-12-27 00:00:00,2011,12,27,2,Tuesday  ,4,52,2011
2011-12-28 00:00:00,2011,12,28,3,Wednesday,4,52,2011
2011-12-29 00:00:00,2011,12,29,4,Thursday ,4,52,2011
2011-12-30 00:00:00,2011,12,30,5,Friday   ,4,52,2011
2011-12-31 00:00:00,2011,12,31,6,Saturday ,4,52,2011
2012-01-01 00:00:00,2012,1,1,7,Sunday   ,1,52,2011
2012-01-02 00:00:00,2012,1,2,1,Monday   ,1,1,2012
2012-01-03 00:00:00,2012,1,3,2,Tuesday  ,1,1,2012
2012-01-04 00:00:00,2012,1,4,3,Wednesday,1,1,2012
2012-01-05 00:00:00,2012,1,5,4,Thursday ,1,1,2012
2012-01-06 00:00:00,2012,1,6,5,Friday   ,1,1,2012
2012-01-07 00:00:00,2012,1,7,6,Saturday ,1,1,2012
2012-01-08 00:00:00,2012,1,8,7,Sunday   ,1,1,2012
2012-01-09 00:00:00,2012,1,9,1,Monday   ,1,2,2012
2012-01-10 00:00:00,2012,1,10,2,Tuesday  ,1,2,2012
2012-01-11 00:00:00,2012,1,11,3,Wednesday,1,2,2012
2012-01-12 00:00:00,2012,1,12,4,Thursday ,1,2,2012
2012-01-13 00:00:00,2012,1,13,5,Friday   ,1,2,2012
2012-01-14 00:00:00,2012,1,14,6,Saturday ,1,2,2012
2012-01-15 00:00:00,2012,1,15,7,Sunday   ,1,2,2012
2012-01-16 00:00:00,2012,1,16,1,Monday   ,1,3,2012
2012-01-17 00:00:00,2012,1,17,2,Tuesday  ,1,3,2012
2012-01-18 00:00:00,2012,1,18,3,Wednesday,1,3,2012
2012-01-19 00:00:00,2012,1,19,4,Thursday ,1,3,2012
2012-01-20 00:00:00,2012,1,20,5,Friday   ,1,3,2012
2012-01-21 00:00:00,2012,1,21,6,Saturday ,1,3,2012
2012-01-22 00:00:00,2012,1,22,7,Sunday   ,1,3,2012
2012-01-23 00:00:00,2012,1,23,1,Monday   ,1,4,2012
2012-01-24 00:00:00,2012,1,24,2,Tuesday  ,1,4,2012
2012-01-25 00:00:00,2012,1,25,3,Wednesday,1,4,2012
2012-01-26 00:00:00,2012,1,26,4,Thursday ,1,4,2012
2012-01-27 00:00:00,2012,1,27,5,Friday   ,1,4,2012
2012-01-28 00:00:00,2012,1,28,6,Saturday ,1,4,2012
2012-01-29 00:00:00,2012,1,29,7,Sunday   ,1,4,2012
2012-01-30 00:00:00,2012,1,30,1,Monday   ,1,5,2012
2012-01-31 00:00:00,2012,1,31,2,Tuesday  ,1,5,2012
2012-02-01 00:00:00,2012,2,1,3,Wednesday,1,5,2012
2012-02-02 00:00:00,2012,2,2,4,Thursday ,1,5,2012
2012-02-03 00:00:00,2012,2,3,5,Friday   ,1,5,2012
2012-02-04 00:00:00,2012,2,4,6,Saturday ,1,5,2012
2012-02-05 00:00:00,2012,2,5,7,Sunday   ,1,5,2012
2012-02-06 00:00:00,2012,2,6,1,Monday   ,1,6,2012
2012-02-07 00:00:00,2012,2,7,2,Tuesday  ,1,6,2012
2012-02-08 00:00:00,2012,2,8,3,Wednesday,1,6,2012
2012-02-09 00:00:00,2012,2,9,4,Thursday ,1,6,2012
2012-02-10 00:00:00,2012,2,10,5,Friday   ,1,6,2012
2012-02-11 00:00:00,2012,2,11,6,Saturday ,1,6,2012
2012-02-12 00:00:00,2012,2,12,7,Sunday   ,1,6,2012
2012-02-13 00:00:00,2012,2,13,1,Monday   ,1,7,2012
2012-02-14 00:00:00,2012,2,14,2,Tuesday  ,1,7,2012
2012-02-15 00:00:00,2012,2,15,3,Wednesday,1,7,2012
2012-02-16 00:00:00,2012,2,16,4,Thursday ,1,7,2012
2012-02-17 00:00:00,2012,2,17,5,Friday   ,1,7,2012
2012-02-18 00:00:00,2012,2,18,6,Saturday ,1,7,2012
2012-02-19 00:00:00,2012,2,19,7,Sunday   ,1,7,2012
2012-02-20 00:00:00,2012,2,20,1,Monday   ,1,8,2012
2012-02-21 00:00:00,2012,2,21,2,Tuesday  ,1,8,2012
2012-02-22 00:00:00,2012,2,22,3,Wednesday,1,8,2012
2012-02-23 00:00:00,2012,2,23,4,Thursday ,1,8,2012
2012-02-24 00:00:00,2012,2,24,5,Friday   ,1,8,2012
2012-02-25 00:00:00,2012,2,25,6,Saturday ,1,8,2012
2012-02-26 00:00:00,2012,2,26,7,Sunday   ,1,8,2012
2012-02-27 00:00:00,2012,2,27,1,Monday   ,1,9,2012
2012-02-28 00:00:00,2012,2,28,2,Tuesday  ,1,9,2012
2012-02-29 00:00:00,2012,2,29,3,Wednesday,1,9,2012
2012-03-01 00:00:00,2012,3,1,4,Thursday ,1,9,2012
2012-03-02 00:00:00,2012,3,2,5,Friday   ,1,9,2012
2012-03-03 00:00:00,2012,3,3,6,Saturday ,1,9,2012
2012-03-04 00:00:00,2012,3,4,7,Sunday   ,1,9,2012
2012-03-05 00:00:00,2012,3,5,1,Monday   ,1,10,2012
2012-03-06 00:00:00,2012,3,6,2,Tuesday  ,1,10,2012
2012-03-07 00:00:00,2012,3,7,3,Wednesday,1,10,2012
2012-03-08 00:00:00,2012,3,8,4,Thursday ,1,10,2012
2012-03-09 00:00:00,2012,3,9,5,Friday   ,1,10,2012
2012-03-10 00:00:00,2012,3,10,6,Saturday ,1,10,2012
2012-03-11 00:00:00,2012,3,11,7,Sunday   ,1,10,2012
2012-03-12 00:00:00,2012,3,12,1,Monday   ,1,11,2012
2012-03-13 00:00:00,2012,3,13,2,Tuesday  ,1,11,2012
2012-03-14 00:00:00,2012,3,14,3,Wednesday,1,11,2012
2012-03-15 00:00:00,2012,3,15,4,Thursday ,1,11,2012
2012-03-16 00:00:00,2012,3,16,5,Friday   ,1,11,2012
2012-03-17 00:00:00,2012,3,17,6,Saturday ,1,11,2012
2012-03-18 00:00:00,2012,3,18,7,Sunday   ,1,11,2012
2012-03-19 00:00:00,2012,3,19,1,Monday   ,1,12,2012
2012-03-20 00:00:00,2012,3,20,2,Tuesday  ,1,12,2012
2012-03-21 00:00:00,2012,3,21,3,Wednesday,1,12,2012
2012-03-22 00:00:00,2012,3,22,4,Thursday ,1,12,2012
2012-03-23 00:00:00,2012,3,23,5,Friday   ,1,12,2012
2012-03-24 00:00:00,2012,3,24,6,Saturday ,1,12,2012
2012-03-25 00:00:00,2012,3,25,7,Sunday   ,1,12,2012
2012-03-26 00:00:00,2012,3,26,1,Monday   ,1,13,2012
2012-03-27 00:00:00,2012,3,27,2,Tuesday  ,1,13,2012
2012-03-28 00:00:00,2012,3,28,3,Wednesday,1,13,2012
2012-03-29 00:00:00,2012,3,29,4,Thursday ,1,13,2012
2012-03-30 00:00:00,2012,3,30,5,Friday   ,1,13,2012
2012-03-31 00:00:00,2012,3,31,6,Saturday ,1,13,2012
2012-04-01 00:00:00,2012,4,1,7,Sunday   ,2,13,2012
2012-04-02 00:00:00,2012,4,2,1,Monday   ,2,14,2012
2012-04-03 00:00:00,2012,4,3,2,Tuesday  ,2,14,2012
2012-04-04 00:00:00,2012,4,4,3,Wednesday,2,14,2012
2012-04-05 00:00:00,2012,4,5,4,Thursday ,2,14,2012
2012-04-06 00:00:00,2012,4,6,5,Friday   ,2,14,2012
2012-04-07 00:00:00,2012,4,7,6,Saturday ,2,14,2012
2012-04-08 00:00:00,2012,4,8,7,Sunday   ,2,14,2012
2012-04-09 00:00:00,2012,4,9,1,Monday   ,2,15,2012
2012-04-10 00:00:00,2012,4,10,2,Tuesday  ,2,15,2012
2012-04-11 00:00:00,2012,4,11,3,Wednesday,2,15,2012
2012-04-12 00:00:00,2012,4,12,4,Thursday ,2,15,2012
2012-04-13 00:00:00,2012,4,13,5,Friday   ,2,15,2012
2012-04-14 00:00:00,2012,4,14,6,Saturday ,2,15,2012
2012-04-15 00:00:00,2012,4,15,7,Sunday   ,2,15,2012
2012-04-16 00:00:00,2012,4,16,1,Monday   ,2,16,2012
2012-04-17 00:00:00,2012,4,17,2,Tuesday  ,2,16,2012
2012-04-18 00:00:00,2012,4,18,3,Wednesday,2,16,2012
2012-04-19 00:00:00,2012,4,19,4,Thursday ,2,16,2012
2012-04-20 00:00:00,2012,4,20,5,Friday   ,2,16,2012
2012-04-21 00:00:00,2012,4,21,6,Saturday ,2,16,2012
2012-04-22 00:00:00,2012,4,22,7,Sunday   ,2,16,2012
2012-04-23 00:00:00,2012,4,23,1,Monday   ,2,17,2012
2012-04-24 00:00:00,2012,4,24,2,Tuesday  ,2,17,2012
2012-04-25 00:00:00,2012,4,25,3,Wednesday,2,17,2012
2012-04-26 00:00:00,2012,4,26,4,Thursday ,2,17,2012
2012-04-27 00:00:00,2012,4,27,5,Friday   ,2,17,2012
2012-04-28 00:00:00,2012,4,28,6,Saturday ,2,17,2012
2012-04-29 00:00:00,2012,4,29,7,Sunday   ,2,17,2012
2012-04-30 00:00:00,2012,4,30,1,Monday   ,2,18,2012
2012-05-01 00:00:00,2012,5,1,2,Tuesday  ,2,18,2012
2012-05-02 00:00:00,2012,5,2,3,Wednesday,2,18,2012
2012-05-03 00:00:00,2012,5,3,4,Thursday ,2,18,2012
2012-05-04 00:00:00,2012,5,4,5,Friday   ,2,18,2012
2012-05-05 00:00:00,2012,5,5,6,Saturday ,2,18,2012
2012-05-06 00:00:00,2012,5,6,7,Sunday   ,2,18,2012
2012-05-07 00:00:00,2012,5,7,1,Monday   ,2,19,2012
2012-05-08 00:00:00,2012,5,8,2,Tuesday  ,2,19,2012
2012-05-09 00:00:00,2012,5,9,3,Wednesday,2,19,2012
2012-05-10 00:00:00,2012,5,10,4,Thursday ,2,19,2012
2012-05-11 00:00:00,2012,5,11,5,Friday   ,2,19,2012
2012-05-12 00:00:00,2012,5,12,6,Saturday ,2,19,2012
2012-05-13 00:00:00,2012,5,13,7,Sunday   ,2,19,2012
2012-05-14 00:00:00,2012,5,14,1,Monday   ,2,20,2012
2012-05-15 00:00:00,2012,5,15,2,Tuesday  ,2,20,2012
2012-05-16 00:00:00,2012,5,16,3,Wednesday,2,20,2012
2012-05-17 00:00:00,2012,5,17,4,Thursday ,2,20,2012
2012-05-18 00:00:00,2012,5,18,5,Friday   ,2,20,2012
2012-05-19 00:00:00,2012,5,19,6,Saturday ,2,20,2012
2012-05-20 00:00:00,2012,5,20,7,Sunday   ,2,20,2012
2012-05-21 00:00:00,2012,5,21,1,Monday   ,2,21,2012
2012-05-22 00:00:00,2012,5,22,2,Tuesday  ,2,21,2012
2012-05-23 00:00:00,2012,5,23,3,Wednesday,2,21,2012
2012-05-24 00:00:00,2012,5,24,4,Thursday ,2,21,2012
2012-05-25 00:00:00,2012,5,25,5,Friday   ,2,21,2012
2012-05-26 00:00:00,2012,5,26,6,Saturday ,2,21,2012
2012-05-27 00:00:00,2012,5,27,7,Sunday   ,2,21,2012
2012-05-28 00:00:00,2012,5,28,1,Monday   ,2,22,2012
2012-05-29 00:00:00,2012,5,29,2,Tuesday  ,2,22,2012
2012-05-30 00:00:00,2012,5,30,3,Wednesday,2,22,2012
2012-05-31 00:00:00,2012,5,31,4,Thursday ,2,22,2012
2012-06-01 00:00:00,2012,6,1,5,Friday   ,2,22,2012
2012-06-02 00:00:00,2012,6,2,6,Saturday ,2,22,2012
2012-06-03 00:00:00,2012,6,3,7,Sunday   ,2,22,2012
2012-06-04 00:00:00,2012,6,4,1,Monday   ,2,23,2012
2012-06-05 00:00:00,2012,6,5,2,Tuesday  ,2,23,2012
2012-06-06 00:00:00,2012,6,6,3,Wednesday,2,23,2012
2012-06-07 00:00:00,2012,6,7,4,Thursday ,2,23,2012
2012-06-08 00:00:00,2012,6,8,5,Friday   ,2,23,2012
2012-06-09 00:00:00,2012,6,9,6,Saturday ,2,23,2012
2012-06-10 00:00:00,2012,6,10,7,Sunday   ,2,23,2012
2012-06-11 00:00:00,2012,6,11,1,Monday   ,2,24,2012
2012-06-12 00:00:00,2012,6,12,2,Tuesday  ,2,24,2012
2012-06-13 00:00:00,2012,6,13,3,Wednesday,2,24,2012
2012-06-14 00:00:00,2012,6,14,4,Thursday ,2,24,2012
2012-06-15 00:00:00,2012,6,15,5,Friday   ,2,24,2012
2012-06-16 00:00:00,2012,6,16,6,Saturday ,2,24,2012
2012-06-17 00:00:00,2012,6,17,7,Sunday   ,2,24,2012
2012-06-18 00:00:00,2012,6,18,1,Monday   ,2,25,2012
2012-06-19 00:00:00,2012,6,19,2,Tuesday  ,2,25,2012
2012-06-20 00:00:00,2012,6,20,3,Wednesday,2,25,2012
2012-06-21 00:00:00,2012,6,21,4,Thursday ,2,25,2012
2012-06-22 00:00:00,2012,6,22,5,Friday   ,2,25,2012
2012-06-23 00:00:00,2012,6,23,6,Saturday ,2,25,2012
2012-06-24 00:00:00,2012,6,24,7,Sunday   ,2,25,2012
2012-06-25 00:00:00,2012,6,25,1,Monday   ,2,26,2012
2012-06-26 00:00:00,2012,6,26,2,Tuesday  ,2,26,2012
2012-06-27 00:00:00,2012,6,27,3,Wednesday,2,26,2012
2012-06-28 00:00:00,2012,6,28,4,Thursday ,2,26,2012
2012-06-29 00:00:00,2012,6,29,5,Friday   ,2,26,2012
2012-06-30 00:00:00,2012,6,30,6,Saturday ,2,26,2012
2012-07-01 00:00:00,2012,7,1,7,Sunday   ,3,26,2012
2012-07-02 00:00:00,2012,7,2,1,Monday   ,3,27,2012
2012-07-03 00:00:00,2012,7,3,2,Tuesday  ,3,27,2012
2012-07-04 00:00:00,2012,7,4,3,Wednesday,3,27,2012
2012-07-05 00:00:00,2012,7,5,4,Thursday ,3,27,2012
2012-07-06 00:00:00,2012,7,6,5,Friday   ,3,27,2012
2012-07-07 00:00:00,2012,7,7,6,Saturday ,3,27,2012
2012-07-08 00:00:00,2012,7,8,7,Sunday   ,3,27,2012
2012-07-09 00:00:00,2012,7,9,1,Monday   ,3,28,2012
2012-07-10 00:00:00,2012,7,10,2,Tuesday  ,3,28,2012
2012-07-11 00:00:00,2012,7,11,3,Wednesday,3,28,2012
2012-07-12 00:00:00,2012,7,12,4,Thursday ,3,28,2012
2012-07-13 00:00:00,2012,7,13,5,Friday   ,3,28,2012
2012-07-14 00:00:00,2012,7,14,6,Saturday ,3,28,2012
2012-07-15 00:00:00,2012,7,15,7,Sunday   ,3,28,2012
2012-07-16 00:00:00,2012,7,16,1,Monday   ,3,29,2012
2012-07-17 00:00:00,2012,7,17,2,Tuesday  ,3,29,2012
2012-07-18 00:00:00,2012,7,18,3,Wednesday,3,29,2012
2012-07-19 00:00:00,2012,7,19,4,Thursday ,3,29,2012
2012-07-20 00:00:00,2012,7,20,5,Friday   ,3,29,2012
2012-07-21 00:00:00,2012,7,21,6,Saturday ,3,29,2012
2012-07-22 00:00:00,2012,7,22,7,Sunday   ,3,29,2012
2012-07-23 00:00:00,2012,7,23,1,Monday   ,3,30,2012
2012-07-24 00:00:00,2012,7,24,2,Tuesday  ,3,30,2012
2012-07-25 00:00:00,2012,7,25,3,Wednesday,3,30,2012
2012-07-26 00:00:00,2012,7,26,4,Thursday ,3,30,2012
2012-07-27 00:00:00,2012,7,27,5,Friday   ,3,30,2012
2012-07-28 00:00:00,2012,7,28,6,Saturday ,3,30,2012
2012-07-29 00:00:00,2012,7,29,7,Sunday   ,3,30,2012
2012-07-30 00:00:00,2012,7,30,1,Monday   ,3,31,2012
2012-07-31 00:00:00,2012,7,31,2,Tuesday  ,3,31,2012
2012-08-01 00:00:00,2012,8,1,3,Wednesday,3,31,2012
2012-08-02 00:00:00,2012,8,2,4,Thursday ,3,31,2012
2012-08-03 00:00:00,2012,8,3,5,Friday   ,3,31,2012
2012-08-04 00:00:00,2012,8,4,6,Saturday ,3,31,2012
2012-08-05 00:00:00,2012,8,5,7,Sunday   ,3,31,2012
2012-08-06 00:00:00,2012,8,6,1,Monday   ,3,32,2012
2012-08-07 00:00:00,2012,8,7,2,Tuesday  ,3,32,2012
2012-08-08 00:00:00,2012,8,8,3,Wednesday,3,32,2012
2012-08-09 00:00:00,2012,8,9,4,Thursday ,3,32,2012
2012-08-10 00:00:00,2012,8,10,5,Friday   ,3,32,2012
2012-08-11 00:00:00,2012,8,11,6,Saturday ,3,32,2012
2012-08-12 00:00:00,2012,8,12,7,Sunday   ,3,32,2012
2012-08-13 00:00:00,2012,8,13,1,Monday   ,3,33,2012
2012-08-14 00:00:00,2012,8,14,2,Tuesday  ,3,33,2012
2012-08-15 00:00:00,2012,8,15,3,Wednesday,3,33,2012
2012-08-16 00:00:00,2012,8,16,4,Thursday ,3,33,2012
2012-08-17 00:00:00,2012,8,17,5,Friday   ,3,33,2012
2012-08-18 00:00:00,2012,8,18,6,Saturday ,3,33,2012
2012-08-19 00:00:00,2012,8,19,7,Sunday   ,3,33,2012
2012-08-20 00:00:00,2012,8,20,1,Monday   ,3,34,2012
2012-08-21 00:00:00,2012,8,21,2,Tuesday  ,3,34,2012
2012-08-22 00:00:00,2012,8,22,3,Wednesday,3,34,2012
2012-08-23 00:00:00,2012,8,23,4,Thursday ,3,34,2012
2012-08-24 00:00:00,2012,8,24,5,Friday   ,3,34,2012
2012-08-25 00:00:00,2012,8,25,6,Saturday ,3,34,2012
2012-08-26 00:00:00,2012,8,26,7,Sunday   ,3,34,2012
2012-08-27 00:00:00,2012,8,27,1,Monday   ,3,35,2012
2012-08-28 00:00:00,2012,8,28,2,Tuesday  ,3,35,2012
2012-08-29 00:00:00,2012,8,29,3,Wednesday,3,35,2012
2012-08-30 00:00:00,2012,8,30,4,Thursday ,3,35,2012
2012-08-31 00:00:00,2012,8,31,5,Friday   ,3,35,2012
2012-09-01 00:00:00,2012,9,1,6,Saturday ,3,35,2012
2012-09-02 00:00:00,2012,9,2,7,Sunday   ,3,35,2012
2012-09-03 00:00:00,2012,9,3,1,Monday   ,3,36,2012
2012-09-04 00:00:00,2012,9,4,2,Tuesday  ,3,36,2012
2012-09-05 00:00:00,2012,9,5,3,Wednesday,3,36,2012
2012-09-06 00:00:00,2012,9,6,4,Thursday ,3,36,2012
2012-09-07 00:00:00,2012,9,7,5,Friday   ,3,36,2012
2012-09-08 00:00:00,2012,9,8,6,Saturday ,3,36,2012
2012-09-09 00:00:00,2012,9,9,7,Sunday   ,3,36,2012
2012-09-10 00:00:00,2012,9,10,1,Monday   ,3,37,2012
2012-09-11 00:00:00,2012,9,11,2,Tuesday  ,3,37,2012
2012-09-12 00:00:00,2012,9,12,3,Wednesday,3,37,2012
2012-09-13 00:00:00,2012,9,13,4,Thursday ,3,37,2012
2012-09-14 00:00:00,2012,9,14,5,Friday   ,3,37,2012
2012-09-15 00:00:00,2012,9,15,6,Saturday ,3,37,2012
2012-09-16 00:00:00,2012,9,16,7,Sunday   ,3,37,2012
2012-09-17 00:00:00,2012,9,17,1,Monday   ,3,38,2012
2012-09-18 00:00:00,2012,9,18,2,Tuesday  ,3,38,2012
2012-09-19 00:00:00,2012,9,19,3,Wednesday,3,38,2012
2012-09-20 00:00:00,2012,9,20,4,Thursday ,3,38,2012
2012-09-21 00:00:00,2012,9,21,5,Friday   ,3,38,2012
2012-09-22 00:00:00,2012,9,22,6,Saturday ,3,38,2012
2012-09-23 00:00:00,2012,9,23,7,Sunday   ,3,38,2012
2012-09-24 00:00:00,2012,9,24,1,Monday   ,3,39,2012
2012-09-25 00:00:00,2012,9,25,2,Tuesday  ,3,39,2012
2012-09-26 00:00:00,2012,9,26,3,Wednesday,3,39,2012
2012-09-27 00:00:00,2012,9,27,4,Thursday ,3,39,2012
2012-09-28 00:00:00,2012,9,28,5,Friday   ,3,39,2012
2012-09-29 00:00:00,2012,9,29,6,Saturday ,3,39,2012
2012-09-30 00:00:00,2012,9,30,7,Sunday   ,3,39,2012
2012-10-01 00:00:00,2012,10,1,1,Monday   ,4,40,2012
2012-10-02 00:00:00,2012,10,2,2,Tuesday  ,4,40,2012
2012-10-03 00:00:00,2012,10,3,3,Wednesday,4,40,2012
2012-10-04 00:00:00,2012,10,4,4,Thursday ,4,40,2012
2012-10-05 00:00:00,2012,10,5,5,Friday   ,4,40,2012
2012-10-06 00:00:00,2012,10,6,6,Saturday ,4,40,2012
2012-10-07 00:00:00,2012,10,7,7,Sunday   ,4,40,2012
2012-10-08 00:00:00,2012,10,8,1,Monday   ,4,41,2012
2012-10-09 00:00:00,2012,10,9,2,Tuesday  ,4,41,2012
2012-10-10 00:00:00,2012,10,10,3,Wednesday,4,41,2012
2012-10-11 00:00:00,2012,10,11,4,Thursday ,4,41,2012
2012-10-12 00:00:00,2012,10,12,5,Friday   ,4,41,2012
2012-10-13 00:00:00,2012,10,13,6,Saturday ,4,41,2012
2012-10-14 00:00:00,2012,10,14,7,Sunday   ,4,41,2012
2012-10-15 00:00:00,2012,10,15,1,Monday   ,4,42,2012
2012-10-16 00:00:00,2012,10,16,2,Tuesday  ,4,42,2012
2012-10-17 00:00:00,2012,10,17,3,Wednesday,4,42,2012
2012-10-18 00:00:00,2012,10,18,4,Thursday ,4,42,2012
2012-10-19 00:00:00,2012,10,19,5,Friday   ,4,42,2012
2012-10-20 00:00:00,2012,10,20,6,Saturday ,4,42,2012
2012-10-21 00:00:00,2012,10,21,7,Sunday   ,4,42,2012
2012-10-22 00:00:00,2012,10,22,1,Monday   ,4,43,2012
2012-10-23 00:00:00,2012,10,23,2,Tuesday  ,4,43,2012
2012-10-24 00:00:00,2012,10,24,3,Wednesday,4,43,2012
2012-10-25 00:00:00,2012,10,25,4,Thursday ,4,43,2012
2012-10-26 00:00:00,2012,10,26,5,Friday   ,4,43,2012
2012-10-27 00:00:00,2012,10,27,6,Saturday ,4,43,2012
2012-10-28 00:00:00,2012,10,28,7,Sunday   ,4,43,2012
2012-10-29 00:00:00,2012,10,29,1,Monday   ,4,44,2012
2012-10-30 00:00:00,2012,10,30,2,Tuesday  ,4,44,2012
2012-10-31 00:00:00,2012,10,31,3,Wednesday,4,44,2012
2012-11-01 00:00:00,2012,11,1,4,Thursday ,4,44,2012
2012-11-02 00:00:00,2012,11,2,5,Friday   ,4,44,2012
2012-11-03 00:00:00,2012,11,3,6,Saturday ,4,44,2012
2012-11-04 00:00:00,2012,11,4,7,Sunday   ,4,44,2012
2012-11-05 00:00:00,2012,11,5,1,Monday   ,4,45,2012
2012-11-06 00:00:00,2012,11,6,2,Tuesday  ,4,45,2012
2012-11-07 00:00:00,2012,11,7,3,Wednesday,4,45,2012
2012-11-08 00:00:00,2012,11,8,4,Thursday ,4,45,2012
2012-11-09 00:00:00,2012,11,9,5,Friday   ,4,45,2012
2012-11-10 00:00:00,2012,11,10,6,Saturday ,4,45,2012
2012-11-11 00:00:00,2012,11,11,7,Sunday   ,4,45,2012
2012-11-12 00:00:00,2012,11,12,1,Monday   ,4,46,2012
2012-11-13 00:00:00,2012,11,13,2,Tuesday  ,4,46,2012
2012-11-14 00:00:00,2012,11,14,3,Wednesday,4,46,2012
2012-11-15 00:00:00,2012,11,15,4,Thursday ,4,46,2012
2012-11-16 00:00:00,2012,11,16,5,Friday   ,4,46,2012
2012-11-17 00:00:00,2012,11,17,6,Saturday ,4,46,2012
2012-11-18 00:00:00,2012,11,18,7,Sunday   ,4,46,2012
2012-11-19 00:00:00,2012,11,19,1,Monday   ,4,47,2012
2012-11-20 00:00:00,2012,11,20,2,Tuesday  ,4,47,2012
2012-11-21 00:00:00,2012,11,21,3,Wednesday,4,47,2012
2012-11-22 00:00:00,2012,11,22,4,Thursday ,4,47,2012
2012-11-23 00:00:00,2012,11,23,5,Friday   ,4,47,2012
2012-11-24 00:00:00,2012,11,24,6,Saturday ,4,47,2012
2012-11-25 00:00:00,2012,11,25,7,Sunday   ,4,47,2012
2012-11-26 00:00:00,2012,11,26,1,Monday   ,4,48,2012
2012-11-27 00:00:00,2012,11,27,2,Tuesday  ,4,48,2012
2012-11-28 00:00:00,2012,11,28,3,Wednesday,4,48,2012
2012-11-29 00:00:00,2012,11,29,4,Thursday ,4,48,2012
2012-11-30 00:00:00,2012,11,30,5,Friday   ,4,48,2012
2012-12-01 00:00:00,2012,12,1,6,Saturday ,4,48,2012
2012-12-02 00:00:00,2012,12,2,7,Sunday   ,4,48,2012
2012-12-03 00:00:00,2012,12,3,1,Monday   ,4,49,2012
2012-12-04 00:00:00,2012,12,4,2,Tuesday  ,4,49,2012
2012-12-05 00:00:00,2012,12,5,3,Wednesday,4,49,2012
2012-12-06 00:00:00,2012,12,6,4,Thursday ,4,49,2012
2012-12-07 00:00:00,2012,12,7,5,Friday   ,4,49,2012
2012-12-08 00:00:00,2012,12,8,6,Saturday ,4,49,2012
2012-12-09 00:00:00,2012,12,9,7,Sunday   ,4,49,2012
2012-12-10 00:00:00,2012,12,10,1,Monday   ,4,50,2012
2012-12-11 00:00:00,2012,12,11,2,Tuesday  ,4,50,2012
2012-12-12 00:00:00,2012,12,12,3,Wednesday,4,50,2012
2012-12-13 00:00:00,2012,12,13,4,Thursday ,4,50,2012
2012-12-14 00:00:00,2012,12,14,5,Friday   ,4,50,2012
2012-12-15 00:00:00,2012,12,15,6,Saturday ,4,50,2012
2012-12-16 00:00:00,2012,12,16,7,Sunday   ,4,50,2012
2012-12-17 00:00:00,2012,12,17,1,Monday   ,4,51,2012
2012-12-18 00:00:00,2012,12,18,2,Tuesday  ,4,51,2012
2012-12-19 00:00:00,2012,12,19,3,Wednesday,4,51,2012
2012-12-20 00:00:00,2012,12,20,4,Thursday ,4,51,2012
2012-12-21 00:00:00,2012,12,21,5,Friday   ,4,51,2012
2012-12-22 00:00:00,2012,12,22,6,Saturday ,4,51,2012
2012-12-23 00:00:00,2012,12,23,7,Sunday   ,4,51,2012
2012-12-24 00:00:00,2012,12,24,1,Monday   ,4,52,2012
2012-12-25 00:00:00,2012,12,25,2,Tuesday  ,4,52,2012
2012-12-26 00:00:00,2012,12,26,3,Wednesday,4,52,2012
2012-12-27 00:00:00,2012,12,27,4,Thursday ,4,52,2012
2012-12-28 00:00:00,2012,12,28,5,Friday   ,4,52,2012
2012-12-29 00:00:00,2012,12,29,6,Saturday ,4,52,2012
2012-12-30 00:00:00,2012,12,30,7,Sunday   ,4,52,2012
2012-12-31 00:00:00,2012,12,31,1,Monday   ,4,1,2013
2013-01-01 00:00:00,2013,1,1,2,Tuesday  ,1,1,2013
2013-01-02 00:00:00,2013,1,2,3,Wednesday,1,1,2013
2013-01-03 00:00:00,2013,1,3,4,Thursday ,1,1,2013
2013-01-04 00:00:00,2013,1,4,5,Friday   ,1,1,2013
2013-01-05 00:00:00,2013,1,5,6,Saturday ,1,1,2013
2013-01-06 00:00:00,2013,1,6,7,Sunday   ,1,1,2013
2013-01-07 00:00:00,2013,1,7,1,Monday   ,1,2,2013
2013-01-08 00:00:00,2013,1,8,2,Tuesday  ,1,2,2013
2013-01-09 00:00:00,2013,1,9,3,Wednesday,1,2,2013
2013-01-10 00:00:00,2013,1,10,4,Thursday ,1,2,2013
2013-01-11 00:00:00,2013,1,11,5,Friday   ,1,2,2013
2013-01-12 00:00:00,2013,1,12,6,Saturday ,1,2,2013
2013-01-13 00:00:00,2013,1,13,7,Sunday   ,1,2,2013
2013-01-14 00:00:00,2013,1,14,1,Monday   ,1,3,2013
2013-01-15 00:00:00,2013,1,15,2,Tuesday  ,1,3,2013
2013-01-16 00:00:00,2013,1,16,3,Wednesday,1,3,2013
2013-01-17 00:00:00,2013,1,17,4,Thursday ,1,3,2013
2013-01-18 00:00:00,2013,1,18,5,Friday   ,1,3,2013
2013-01-19 00:00:00,2013,1,19,6,Saturday ,1,3,2013
2013-01-20 00:00:00,2013,1,20,7,Sunday   ,1,3,2013
2013-01-21 00:00:00,2013,1,21,1,Monday   ,1,4,2013
2013-01-22 00:00:00,2013,1,22,2,Tuesday  ,1,4,2013
2013-01-23 00:00:00,2013,1,23,3,Wednesday,1,4,2013
2013-01-24 00:00:00,2013,1,24,4,Thursday ,1,4,2013
2013-01-25 00:00:00,2013,1,25,5,Friday   ,1,4,2013
2013-01-26 00:00:00,2013,1,26,6,Saturday ,1,4,2013
2013-01-27 00:00:00,2013,1,27,7,Sunday   ,1,4,2013
2013-01-28 00:00:00,2013,1,28,1,Monday   ,1,5,2013
2013-01-29 00:00:00,2013,1,29,2,Tuesday  ,1,5,2013
2013-01-30 00:00:00,2013,1,30,3,Wednesday,1,5,2013
2013-01-31 00:00:00,2013,1,31,4,Thursday ,1,5,2013
2013-02-01 00:00:00,2013,2,1,5,Friday   ,1,5,2013
2013-02-02 00:00:00,2013,2,2,6,Saturday ,1,5,2013
2013-02-03 00:00:00,2013,2,3,7,Sunday   ,1,5,2013
2013-02-04 00:00:00,2013,2,4,1,Monday   ,1,6,2013
2013-02-05 00:00:00,2013,2,5,2,Tuesday  ,1,6,2013
2013-02-06 00:00:00,2013,2,6,3,Wednesday,1,6,2013
2013-02-07 00:00:00,2013,2,7,4,Thursday ,1,6,2013
2013-02-08 00:00:00,2013,2,8,5,Friday   ,1,6,2013
2013-02-09 00:00:00,2013,2,9,6,Saturday ,1,6,2013
2013-02-10 00:00:00,2013,2,10,7,Sunday   ,1,6,2013
2013-02-11 00:00:00,2013,2,11,1,Monday   ,1,7,2013
2013-02-12 00:00:00,2013,2,12,2,Tuesday  ,1,7,2013
2013-02-13 00:00:00,2013,2,13,3,Wednesday,1,7,2013
2013-02-14 00:00:00,2013,2,14,4,Thursday ,1,7,2013
2013-02-15 00:00:00,2013,2,15,5,Friday   ,1,7,2013
2013-02-16 00:00:00,2013,2,16,6,Saturday ,1,7,2013
2013-02-17 00:00:00,2013,2,17,7,Sunday   ,1,7,2013
2013-02-18 00:00:00,2013,2,18,1,Monday   ,1,8,2013
2013-02-19 00:00:00,2013,2,19,2,Tuesday  ,1,8,2013
2013-02-20 00:00:00,2013,2,20,3,Wednesday,1,8,2013
2013-02-21 00:00:00,2013,2,21,4,Thursday ,1,8,2013
2013-02-22 00:00:00,2013,2,22,5,Friday   ,1,8,2013
2013-02-23 00:00:00,2013,2,23,6,Saturday ,1,8,2013
2013-02-24 00:00:00,2013,2,24,7,Sunday   ,1,8,2013
2013-02-25 00:00:00,2013,2,25,1,Monday   ,1,9,2013
2013-02-26 00:00:00,2013,2,26,2,Tuesday  ,1,9,2013
2013-02-27 00:00:00,2013,2,27,3,Wednesday,1,9,2013
2013-02-28 00:00:00,2013,2,28,4,Thursday ,1,9,2013
2013-03-01 00:00:00,2013,3,1,5,Friday   ,1,9,2013
2013-03-02 00:00:00,2013,3,2,6,Saturday ,1,9,2013
2013-03-03 00:00:00,2013,3,3,7,Sunday   ,1,9,2013
2013-03-04 00:00:00,2013,3,4,1,Monday   ,1,10,2013
2013-03-05 00:00:00,2013,3,5,2,Tuesday  ,1,10,2013
2013-03-06 00:00:00,2013,3,6,3,Wednesday,1,10,2013
2013-03-07 00:00:00,2013,3,7,4,Thursday ,1,10,2013
2013-03-08 00:00:00,2013,3,8,5,Friday   ,1,10,2013
2013-03-09 00:00:00,2013,3,9,6,Saturday ,1,10,2013
2013-03-10 00:00:00,2013,3,10,7,Sunday   ,1,10,2013
2013-03-11 00:00:00,2013,3,11,1,Monday   ,1,11,2013
2013-03-12 00:00:00,2013,3,12,2,Tuesday  ,1,11,2013
2013-03-13 00:00:00,2013,3,13,3,Wednesday,1,11,2013
2013-03-14 00:00:00,2013,3,14,4,Thursday ,1,11,2013
2013-03-15 00:00:00,2013,3,15,5,Friday   ,1,11,2013
2013-03-16 00:00:00,2013,3,16,6,Saturday ,1,11,2013
2013-03-17 00:00:00,2013,3,17,7,Sunday   ,1,11,2013
2013-03-18 00:00:00,2013,3,18,1,Monday   ,1,12,2013
2013-03-19 00:00:00,2013,3,19,2,Tuesday  ,1,12,2013
2013-03-20 00:00:00,2013,3,20,3,Wednesday,1,12,2013
2013-03-21 00:00:00,2013,3,21,4,Thursday ,1,12,2013
2013-03-22 00:00:00,2013,3,22,5,Friday   ,1,12,2013
2013-03-23 00:00:00,2013,3,23,6,Saturday ,1,12,2013
2013-03-24 00:00:00,2013,3,24,7,Sunday   ,1,12,2013
2013-03-25 00:00:00,2013,3,25,1,Monday   ,1,13,2013
2013-03-26 00:00:00,2013,3,26,2,Tuesday  ,1,13,2013
2013-03-27 00:00:00,2013,3,27,3,Wednesday,1,13,2013
2013-03-28 00:00:00,2013,3,28,4,Thursday ,1,13,2013
2013-03-29 00:00:00,2013,3,29,5,Friday   ,1,13,2013
2013-03-30 00:00:00,2013,3,30,6,Saturday ,1,13,2013
2013-03-31 00:00:00,2013,3,31,7,Sunday   ,1,13,2013
2013-04-01 00:00:00,2013,4,1,1,Monday   ,2,14,2013
2013-04-02 00:00:00,2013,4,2,2,Tuesday  ,2,14,2013
2013-04-03 00:00:00,2013,4,3,3,Wednesday,2,14,2013
2013-04-04 00:00:00,2013,4,4,4,Thursday ,2,14,2013
2013-04-05 00:00:00,2013,4,5,5,Friday   ,2,14,2013
2013-04-06 00:00:00,2013,4,6,6,Saturday ,2,14,2013
2013-04-07 00:00:00,2013,4,7,7,Sunday   ,2,14,2013
2013-04-08 00:00:00,2013,4,8,1,Monday   ,2,15,2013
2013-04-09 00:00:00,2013,4,9,2,Tuesday  ,2,15,2013
2013-04-10 00:00:00,2013,4,10,3,Wednesday,2,15,2013
2013-04-11 00:00:00,2013,4,11,4,Thursday ,2,15,2013
2013-04-12 00:00:00,2013,4,12,5,Friday   ,2,15,2013
2013-04-13 00:00:00,2013,4,13,6,Saturday ,2,15,2013
2013-04-14 00:00:00,2013,4,14,7,Sunday   ,2,15,2013
2013-04-15 00:00:00,2013,4,15,1,Monday   ,2,16,2013
2013-04-16 00:00:00,2013,4,16,2,Tuesday  ,2,16,2013
2013-04-17 00:00:00,2013,4,17,3,Wednesday,2,16,2013
2013-04-18 00:00:00,2013,4,18,4,Thursday ,2,16,2013
2013-04-19 00:00:00,2013,4,19,5,Friday   ,2,16,2013
2013-04-20 00:00:00,2013,4,20,6,Saturday ,2,16,2013
2013-04-21 00:00:00,2013,4,21,7,Sunday   ,2,16,2013
2013-04-22 00:00:00,2013,4,22,1,Monday   ,2,17,2013
2013-04-23 00:00:00,2013,4,23,2,Tuesday  ,2,17,2013
2013-04-24 00:00:00,2013,4,24,3,Wednesday,2,17,2013
2013-04-25 00:00:00,2013,4,25,4,Thursday ,2,17,2013
2013-04-26 00:00:00,2013,4,26,5,Friday   ,2,17,2013
2013-04-27 00:00:00,2013,4,27,6,Saturday ,2,17,2013
2013-04-28 00:00:00,2013,4,28,7,Sunday   ,2,17,2013
2013-04-29 00:00:00,2013,4,29,1,Monday   ,2,18,2013
2013-04-30 00:00:00,2013,4,30,2,Tuesday  ,2,18,2013
2013-05-01 00:00:00,2013,5,1,3,Wednesday,2,18,2013
2013-05-02 00:00:00,2013,5,2,4,Thursday ,2,18,2013
2013-05-03 00:00:00,2013,5,3,5,Friday   ,2,18,2013
2013-05-04 00:00:00,2013,5,4,6,Saturday ,2,18,2013
2013-05-05 00:00:00,2013,5,5,7,Sunday   ,2,18,2013
2013-05-06 00:00:00,2013,5,6,1,Monday   ,2,19,2013
2013-05-07 00:00:00,2013,5,7,2,Tuesday  ,2,19,2013
2013-05-08 00:00:00,2013,5,8,3,Wednesday,2,19,2013
2013-05-09 00:00:00,2013,5,9,4,Thursday ,2,19,2013
2013-05-10 00:00:00,2013,5,10,5,Friday   ,2,19,2013
2013-05-11 00:00:00,2013,5,11,6,Saturday ,2,19,2013
2013-05-12 00:00:00,2013,5,12,7,Sunday   ,2,19,2013
2013-05-13 00:00:00,2013,5,13,1,Monday   ,2,20,2013
2013-05-14 00:00:00,2013,5,14,2,Tuesday  ,2,20,2013
2013-05-15 00:00:00,2013,5,15,3,Wednesday,2,20,2013
2013-05-16 00:00:00,2013,5,16,4,Thursday ,2,20,2013
2013-05-17 00:00:00,2013,5,17,5,Friday   ,2,20,2013
2013-05-18 00:00:00,2013,5,18,6,Saturday ,2,20,2013
2013-05-19 00:00:00,2013,5,19,7,Sunday   ,2,20,2013
2013-05-20 00:00:00,2013,5,20,1,Monday   ,2,21,2013
2013-05-21 00:00:00,2013,5,21,2,Tuesday  ,2,21,2013
2013-05-22 00:00:00,2013,5,22,3,Wednesday,2,21,2013
2013-05-23 00:00:00,2013,5,23,4,Thursday ,2,21,2013
2013-05-24 00:00:00,2013,5,24,5,Friday   ,2,21,2013
2013-05-25 00:00:00,2013,5,25,6,Saturday ,2,21,2013
2013-05-26 00:00:00,2013,5,26,7,Sunday   ,2,21,2013
2013-05-27 00:00:00,2013,5,27,1,Monday   ,2,22,2013
2013-05-28 00:00:00,2013,5,28,2,Tuesday  ,2,22,2013
2013-05-29 00:00:00,2013,5,29,3,Wednesday,2,22,2013
2013-05-30 00:00:00,2013,5,30,4,Thursday ,2,22,2013
2013-05-31 00:00:00,2013,5,31,5,Friday   ,2,22,2013
2013-06-01 00:00:00,2013,6,1,6,Saturday ,2,22,2013
2013-06-02 00:00:00,2013,6,2,7,Sunday   ,2,22,2013
2013-06-03 00:00:00,2013,6,3,1,Monday   ,2,23,2013
2013-06-04 00:00:00,2013,6,4,2,Tuesday  ,2,23,2013
2013-06-05 00:00:00,2013,6,5,3,Wednesday,2,23,2013
2013-06-06 00:00:00,2013,6,6,4,Thursday ,2,23,2013
2013-06-07 00:00:00,2013,6,7,5,Friday   ,2,23,2013
2013-06-08 00:00:00,2013,6,8,6,Saturday ,2,23,2013
2013-06-09 00:00:00,2013,6,9,7,Sunday   ,2,23,2013
2013-06-10 00:00:00,2013,6,10,1,Monday   ,2,24,2013
2013-06-11 00:00:00,2013,6,11,2,Tuesday  ,2,24,2013
2013-06-12 00:00:00,2013,6,12,3,Wednesday,2,24,2013
2013-06-13 00:00:00,2013,6,13,4,Thursday ,2,24,2013
2013-06-14 00:00:00,2013,6,14,5,Friday   ,2,24,2013
2013-06-15 00:00:00,2013,6,15,6,Saturday ,2,24,2013
2013-06-16 00:00:00,2013,6,16,7,Sunday   ,2,24,2013
2013-06-17 00:00:00,2013,6,17,1,Monday   ,2,25,2013
2013-06-18 00:00:00,2013,6,18,2,Tuesday  ,2,25,2013
2013-06-19 00:00:00,2013,6,19,3,Wednesday,2,25,2013
2013-06-20 00:00:00,2013,6,20,4,Thursday ,2,25,2013
2013-06-21 00:00:00,2013,6,21,5,Friday   ,2,25,2013
2013-06-22 00:00:00,2013,6,22,6,Saturday ,2,25,2013
2013-06-23 00:00:00,2013,6,23,7,Sunday   ,2,25,2013
2013-06-24 00:00:00,2013,6,24,1,Monday   ,2,26,2013
2013-06-25 00:00:00,2013,6,25,2,Tuesday  ,2,26,2013
2013-06-26 00:00:00,2013,6,26,3,Wednesday,2,26,2013
2013-06-27 00:00:00,2013,6,27,4,Thursday ,2,26,2013
2013-06-28 00:00:00,2013,6,28,5,Friday   ,2,26,2013
2013-06-29 00:00:00,2013,6,29,6,Saturday ,2,26,2013
2013-06-30 00:00:00,2013,6,30,7,Sunday   ,2,26,2013
2013-07-01 00:00:00,2013,7,1,1,Monday   ,3,27,2013
2013-07-02 00:00:00,2013,7,2,2,Tuesday  ,3,27,2013
2013-07-03 00:00:00,2013,7,3,3,Wednesday,3,27,2013
2013-07-04 00:00:00,2013,7,4,4,Thursday ,3,27,2013
2013-07-05 00:00:00,2013,7,5,5,Friday   ,3,27,2013
2013-07-06 00:00:00,2013,7,6,6,Saturday ,3,27,2013
2013-07-07 00:00:00,2013,7,7,7,Sunday   ,3,27,2013
2013-07-08 00:00:00,2013,7,8,1,Monday   ,3,28,2013
2013-07-09 00:00:00,2013,7,9,2,Tuesday  ,3,28,2013
2013-07-10 00:00:00,2013,7,10,3,Wednesday,3,28,2013
2013-07-11 00:00:00,2013,7,11,4,Thursday ,3,28,2013
2013-07-12 00:00:00,2013,7,12,5,Friday   ,3,28,2013
2013-07-13 00:00:00,2013,7,13,6,Saturday ,3,28,2013
2013-07-14 00:00:00,2013,7,14,7,Sunday   ,3,28,2013
2013-07-15 00:00:00,2013,7,15,1,Monday   ,3,29,2013
2013-07-16 00:00:00,2013,7,16,2,Tuesday  ,3,29,2013
2013-07-17 00:00:00,2013,7,17,3,Wednesday,3,29,2013
2013-07-18 00:00:00,2013,7,18,4,Thursday ,3,29,2013
2013-07-19 00:00:00,2013,7,19,5,Friday   ,3,29,2013
2013-07-20 00:00:00,2013,7,20,6,Saturday ,3,29,2013
2013-07-21 00:00:00,2013,7,21,7,Sunday   ,3,29,2013
2013-07-22 00:00:00,2013,7,22,1,Monday   ,3,30,2013
2013-07-23 00:00:00,2013,7,23,2,Tuesday  ,3,30,2013
2013-07-24 00:00:00,2013,7,24,3,Wednesday,3,30,2013
2013-07-25 00:00:00,2013,7,25,4,Thursday ,3,30,2013
2013-07-26 00:00:00,2013,7,26,5,Friday   ,3,30,2013
2013-07-27 00:00:00,2013,7,27,6,Saturday ,3,30,2013
2013-07-28 00:00:00,2013,7,28,7,Sunday   ,3,30,2013
2013-07-29 00:00:00,2013,7,29,1,Monday   ,3,31,2013
2013-07-30 00:00:00,2013,7,30,2,Tuesday  ,3,31,2013
2013-07-31 00:00:00,2013,7,31,3,Wednesday,3,31,2013
2013-08-01 00:00:00,2013,8,1,4,Thursday ,3,31,2013
2013-08-02 00:00:00,2013,8,2,5,Friday   ,3,31,2013
2013-08-03 00:00:00,2013,8,3,6,Saturday ,3,31,2013
2013-08-04 00:00:00,2013,8,4,7,Sunday   ,3,31,2013
2013-08-05 00:00:00,2013,8,5,1,Monday   ,3,32,2013
2013-08-06 00:00:00,2013,8,6,2,Tuesday  ,3,32,2013
2013-08-07 00:00:00,2013,8,7,3,Wednesday,3,32,2013
2013-08-08 00:00:00,2013,8,8,4,Thursday ,3,32,2013
2013-08-09 00:00:00,2013,8,9,5,Friday   ,3,32,2013
2013-08-10 00:00:00,2013,8,10,6,Saturday ,3,32,2013
2013-08-11 00:00:00,2013,8,11,7,Sunday   ,3,32,2013
2013-08-12 00:00:00,2013,8,12,1,Monday   ,3,33,2013
2013-08-13 00:00:00,2013,8,13,2,Tuesday  ,3,33,2013
2013-08-14 00:00:00,2013,8,14,3,Wednesday,3,33,2013
2013-08-15 00:00:00,2013,8,15,4,Thursday ,3,33,2013
2013-08-16 00:00:00,2013,8,16,5,Friday   ,3,33,2013
2013-08-17 00:00:00,2013,8,17,6,Saturday ,3,33,2013
2013-08-18 00:00:00,2013,8,18,7,Sunday   ,3,33,2013
2013-08-19 00:00:00,2013,8,19,1,Monday   ,3,34,2013
2013-08-20 00:00:00,2013,8,20,2,Tuesday  ,3,34,2013
2013-08-21 00:00:00,2013,8,21,3,Wednesday,3,34,2013
2013-08-22 00:00:00,2013,8,22,4,Thursday ,3,34,2013
2013-08-23 00:00:00,2013,8,23,5,Friday   ,3,34,2013
2013-08-24 00:00:00,2013,8,24,6,Saturday ,3,34,2013
2013-08-25 00:00:00,2013,8,25,7,Sunday   ,3,34,2013
2013-08-26 00:00:00,2013,8,26,1,Monday   ,3,35,2013
2013-08-27 00:00:00,2013,8,27,2,Tuesday  ,3,35,2013
2013-08-28 00:00:00,2013,8,28,3,Wednesday,3,35,2013
2013-08-29 00:00:00,2013,8,29,4,Thursday ,3,35,2013
2013-08-30 00:00:00,2013,8,30,5,Friday   ,3,35,2013
2013-08-31 00:00:00,2013,8,31,6,Saturday ,3,35,2013
2013-09-01 00:00:00,2013,9,1,7,Sunday   ,3,35,2013
2013-09-02 00:00:00,2013,9,2,1,Monday   ,3,36,2013
2013-09-03 00:00:00,2013,9,3,2,Tuesday  ,3,36,2013
2013-09-04 00:00:00,2013,9,4,3,Wednesday,3,36,2013
2013-09-05 00:00:00,2013,9,5,4,Thursday ,3,36,2013
2013-09-06 00:00:00,2013,9,6,5,Friday   ,3,36,2013
2013-09-07 00:00:00,2013,9,7,6,Saturday ,3,36,2013
2013-09-08 00:00:00,2013,9,8,7,Sunday   ,3,36,2013
2013-09-09 00:00:00,2013,9,9,1,Monday   ,3,37,2013
2013-09-10 00:00:00,2013,9,10,2,Tuesday  ,3,37,2013
2013-09-11 00:00:00,2013,9,11,3,Wednesday,3,37,2013
2013-09-12 00:00:00,2013,9,12,4,Thursday ,3,37,2013
2013-09-13 00:00:00,2013,9,13,5,Friday   ,3,37,2013
2013-09-14 00:00:00,2013,9,14,6,Saturday ,3,37,2013
2013-09-15 00:00:00,2013,9,15,7,Sunday   ,3,37,2013
2013-09-16 00:00:00,2013,9,16,1,Monday   ,3,38,2013
2013-09-17 00:00:00,2013,9,17,2,Tuesday  ,3,38,2013
2013-09-18 00:00:00,2013,9,18,3,Wednesday,3,38,2013
2013-09-19 00:00:00,2013,9,19,4,Thursday ,3,38,2013
2013-09-20 00:00:00,2013,9,20,5,Friday   ,3,38,2013
2013-09-21 00:00:00,2013,9,21,6,Saturday ,3,38,2013
2013-09-22 00:00:00,2013,9,22,7,Sunday   ,3,38,2013
2013-09-23 00:00:00,2013,9,23,1,Monday   ,3,39,2013
2013-09-24 00:00:00,2013,9,24,2,Tuesday  ,3,39,2013
2013-09-25 00:00:00,2013,9,25,3,Wednesday,3,39,2013
2013-09-26 00:00:00,2013,9,26,4,Thursday ,3,39,2013
2013-09-27 00:00:00,2013,9,27,5,Friday   ,3,39,2013
2013-09-28 00:00:00,2013,9,28,6,Saturday ,3,39,2013
2013-09-29 00:00:00,2013,9,29,7,Sunday   ,3,39,2013
2013-09-30 00:00:00,2013,9,30,1,Monday   ,3,40,2013
2013-10-01 00:00:00,2013,10,1,2,Tuesday  ,4,40,2013
2013-10-02 00:00:00,2013,10,2,3,Wednesday,4,40,2013
2013-10-03 00:00:00,2013,10,3,4,Thursday ,4,40,2013
2013-10-04 00:00:00,2013,10,4,5,Friday   ,4,40,2013
2013-10-05 00:00:00,2013,10,5,6,Saturday ,4,40,2013
2013-10-06 00:00:00,2013,10,6,7,Sunday   ,4,40,2013
2013-10-07 00:00:00,2013,10,7,1,Monday   ,4,41,2013
2013-10-08 00:00:00,2013,10,8,2,Tuesday  ,4,41,2013
2013-10-09 00:00:00,2013,10,9,3,Wednesday,4,41,2013
2013-10-10 00:00:00,2013,10,10,4,Thursday ,4,41,2013
2013-10-11 00:00:00,2013,10,11,5,Friday   ,4,41,2013
2013-10-12 00:00:00,2013,10,12,6,Saturday ,4,41,2013
2013-10-13 00:00:00,2013,10,13,7,Sunday   ,4,41,2013
2013-10-14 00:00:00,2013,10,14,1,Monday   ,4,42,2013
2013-10-15 00:00:00,2013,10,15,2,Tuesday  ,4,42,2013
2013-10-16 00:00:00,2013,10,16,3,Wednesday,4,42,2013
2013-10-17 00:00:00,2013,10,17,4,Thursday ,4,42,2013
2013-10-18 00:00:00,2013,10,18,5,Friday   ,4,42,2013
2013-10-19 00:00:00,2013,10,19,6,Saturday ,4,42,2013
2013-10-20 00:00:00,2013,10,20,7,Sunday   ,4,42,2013
2013-10-21 00:00:00,2013,10,21,1,Monday   ,4,43,2013
2013-10-22 00:00:00,2013,10,22,2,Tuesday  ,4,43,2013
2013-10-23 00:00:00,2013,10,23,3,Wednesday,4,43,2013
2013-10-24 00:00:00,2013,10,24,4,Thursday ,4,43,2013
2013-10-25 00:00:00,2013,10,25,5,Friday   ,4,43,2013
2013-10-26 00:00:00,2013,10,26,6,Saturday ,4,43,2013
2013-10-27 00:00:00,2013,10,27,7,Sunday   ,4,43,2013
2013-10-28 00:00:00,2013,10,28,1,Monday   ,4,44,2013
2013-10-29 00:00:00,2013,10,29,2,Tuesday  ,4,44,2013
2013-10-30 00:00:00,2013,10,30,3,Wednesday,4,44,2013
2013-10-31 00:00:00,2013,10,31,4,Thursday ,4,44,2013
2013-11-01 00:00:00,2013,11,1,5,Friday   ,4,44,2013
2013-11-02 00:00:00,2013,11,2,6,Saturday ,4,44,2013
2013-11-03 00:00:00,2013,11,3,7,Sunday   ,4,44,2013
2013-11-04 00:00:00,2013,11,4,1,Monday   ,4,45,2013
2013-11-05 00:00:00,2013,11,5,2,Tuesday  ,4,45,2013
2013-11-06 00:00:00,2013,11,6,3,Wednesday,4,45,2013
2013-11-07 00:00:00,2013,11,7,4,Thursday ,4,45,2013
2013-11-08 00:00:00,2013,11,8,5,Friday   ,4,45,2013
2013-11-09 00:00:00,2013,11,9,6,Saturday ,4,45,2013
2013-11-10 00:00:00,2013,11,10,7,Sunday   ,4,45,2013
2013-11-11 00:00:00,2013,11,11,1,Monday   ,4,46,2013
2013-11-12 00:00:00,2013,11,12,2,Tuesday  ,4,46,2013
2013-11-13 00:00:00,2013,11,13,3,Wednesday,4,46,2013
2013-11-14 00:00:00,2013,11,14,4,Thursday ,4,46,2013
2013-11-15 00:00:00,2013,11,15,5,Friday   ,4,46,2013
2013-11-16 00:00:00,2013,11,16,6,Saturday ,4,46,2013
2013-11-17 00:00:00,2013,11,17,7,Sunday   ,4,46,2013
2013-11-18 00:00:00,2013,11,18,1,Monday   ,4,47,2013
2013-11-19 00:00:00,2013,11,19,2,Tuesday  ,4,47,2013
2013-11-20 00:00:00,2013,11,20,3,Wednesday,4,47,2013
2013-11-21 00:00:00,2013,11,21,4,Thursday ,4,47,2013
2013-11-22 00:00:00,2013,11,22,5,Friday   ,4,47,2013
2013-11-23 00:00:00,2013,11,23,6,Saturday ,4,47,2013
2013-11-24 00:00:00,2013,11,24,7,Sunday   ,4,47,2013
2013-11-25 00:00:00,2013,11,25,1,Monday   ,4,48,2013
2013-11-26 00:00:00,2013,11,26,2,Tuesday  ,4,48,2013
2013-11-27 00:00:00,2013,11,27,3,Wednesday,4,48,2013
2013-11-28 00:00:00,2013,11,28,4,Thursday ,4,48,2013
2013-11-29 00:00:00,2013,11,29,5,Friday   ,4,48,2013
2013-11-30 00:00:00,2013,11,30,6,Saturday ,4,48,2013
2013-12-01 00:00:00,2013,12,1,7,Sunday   ,4,48,2013
2013-12-02 00:00:00,2013,12,2,1,Monday   ,4,49,2013
2013-12-03 00:00:00,2013,12,3,2,Tuesday  ,4,49,2013
2013-12-04 00:00:00,2013,12,4,3,Wednesday,4,49,2013
2013-12-05 00:00:00,2013,12,5,4,Thursday ,4,49,2013
2013-12-06 00:00:00,2013,12,6,5,Friday   ,4,49,2013
2013-12-07 00:00:00,2013,12,7,6,Saturday ,4,49,2013
2013-12-08 00:00:00,2013,12,8,7,Sunday   ,4,49,2013
2013-12-09 00:00:00,2013,12,9,1,Monday   ,4,50,2013
2013-12-10 00:00:00,2013,12,10,2,Tuesday  ,4,50,2013
2013-12-11 00:00:00,2013,12,11,3,Wednesday,4,50,2013
2013-12-12 00:00:00,2013,12,12,4,Thursday ,4,50,2013
2013-12-13 00:00:00,2013,12,13,5,Friday   ,4,50,2013
2013-12-14 00:00:00,2013,12,14,6,Saturday ,4,50,2013
2013-12-15 00:00:00,2013,12,15,7,Sunday   ,4,50,2013
2013-12-16 00:00:00,2013,12,16,1,Monday   ,4,51,2013
2013-12-17 00:00:00,2013,12,17,2,Tuesday  ,4,51,2013
2013-12-18 00:00:00,2013,12,18,3,Wednesday,4,51,2013
2013-12-19 00:00:00,2013,12,19,4,Thursday ,4,51,2013
2013-12-20 00:00:00,2013,12,20,5,Friday   ,4,51,2013
2013-12-21 00:00:00,2013,12,21,6,Saturday ,4,51,2013
2013-12-22 00:00:00,2013,12,22,7,Sunday   ,4,51,2013
2013-12-23 00:00:00,2013,12,23,1,Monday   ,4,52,2013
2013-12-24 00:00:00,2013,12,24,2,Tuesday  ,4,52,2013
2013-12-25 00:00:00,2013,12,25,3,Wednesday,4,52,2013
2013-12-26 00:00:00,2013,12,26,4,Thursday ,4,52,2013
2013-12-27 00:00:00,2013,12,27,5,Friday   ,4,52,2013
2013-12-28 00:00:00,2013,12,28,6,Saturday ,4,52,2013
2013-12-29 00:00:00,2013,12,29,7,Sunday   ,4,52,2013
2013-12-30 00:00:00,2013,12,30,1,Monday   ,4,1,2014
2013-12-31 00:00:00,2013,12,31,2,Tuesday  ,4,1,2014
2014-01-01 00:00:00,2014,1,1,3,Wednesday,1,1,2014
2014-01-02 00:00:00,2014,1,2,4,Thursday ,1,1,2014
2014-01-03 00:00:00,2014,1,3,5,Friday   ,1,1,2014
2014-01-04 00:00:00,2014,1,4,6,Saturday ,1,1,2014
2014-01-05 00:00:00,2014,1,5,7,Sunday   ,1,1,2014
2014-01-06 00:00:00,2014,1,6,1,Monday   ,1,2,2014
2014-01-07 00:00:00,2014,1,7,2,Tuesday  ,1,2,2014
2014-01-08 00:00:00,2014,1,8,3,Wednesday,1,2,2014
2014-01-09 00:00:00,2014,1,9,4,Thursday ,1,2,2014
2014-01-10 00:00:00,2014,1,10,5,Friday   ,1,2,2014
2014-01-11 00:00:00,2014,1,11,6,Saturday ,1,2,2014
2014-01-12 00:00:00,2014,1,12,7,Sunday   ,1,2,2014
2014-01-13 00:00:00,2014,1,13,1,Monday   ,1,3,2014
2014-01-14 00:00:00,2014,1,14,2,Tuesday  ,1,3,2014
2014-01-15 00:00:00,2014,1,15,3,Wednesday,1,3,2014
2014-01-16 00:00:00,2014,1,16,4,Thursday ,1,3,2014
2014-01-17 00:00:00,2014,1,17,5,Friday   ,1,3,2014
2014-01-18 00:00:00,2014,1,18,6,Saturday ,1,3,2014
2014-01-19 00:00:00,2014,1,19,7,Sunday   ,1,3,2014
2014-01-20 00:00:00,2014,1,20,1,Monday   ,1,4,2014
2014-01-21 00:00:00,2014,1,21,2,Tuesday  ,1,4,2014
2014-01-22 00:00:00,2014,1,22,3,Wednesday,1,4,2014
2014-01-23 00:00:00,2014,1,23,4,Thursday ,1,4,2014
2014-01-24 00:00:00,2014,1,24,5,Friday   ,1,4,2014
2014-01-25 00:00:00,2014,1,25,6,Saturday ,1,4,2014
2014-01-26 00:00:00,2014,1,26,7,Sunday   ,1,4,2014
2014-01-27 00:00:00,2014,1,27,1,Monday   ,1,5,2014
2014-01-28 00:00:00,2014,1,28,2,Tuesday  ,1,5,2014
2014-01-29 00:00:00,2014,1,29,3,Wednesday,1,5,2014
2014-01-30 00:00:00,2014,1,30,4,Thursday ,1,5,2014
2014-01-31 00:00:00,2014,1,31,5,Friday   ,1,5,2014
2014-02-01 00:00:00,2014,2,1,6,Saturday ,1,5,2014
2014-02-02 00:00:00,2014,2,2,7,Sunday   ,1,5,2014
2014-02-03 00:00:00,2014,2,3,1,Monday   ,1,6,2014
2014-02-04 00:00:00,2014,2,4,2,Tuesday  ,1,6,2014
2014-02-05 00:00:00,2014,2,5,3,Wednesday,1,6,2014
2014-02-06 00:00:00,2014,2,6,4,Thursday ,1,6,2014
2014-02-07 00:00:00,2014,2,7,5,Friday   ,1,6,2014
2014-02-08 00:00:00,2014,2,8,6,Saturday ,1,6,2014
2014-02-09 00:00:00,2014,2,9,7,Sunday   ,1,6,2014
2014-02-10 00:00:00,2014,2,10,1,Monday   ,1,7,2014
2014-02-11 00:00:00,2014,2,11,2,Tuesday  ,1,7,2014
2014-02-12 00:00:00,2014,2,12,3,Wednesday,1,7,2014
2014-02-13 00:00:00,2014,2,13,4,Thursday ,1,7,2014
2014-02-14 00:00:00,2014,2,14,5,Friday   ,1,7,2014
2014-02-15 00:00:00,2014,2,15,6,Saturday ,1,7,2014
2014-02-16 00:00:00,2014,2,16,7,Sunday   ,1,7,2014
2014-02-17 00:00:00,2014,2,17,1,Monday   ,1,8,2014
2014-02-18 00:00:00,2014,2,18,2,Tuesday  ,1,8,2014
2014-02-19 00:00:00,2014,2,19,3,Wednesday,1,8,2014
2014-02-20 00:00:00,2014,2,20,4,Thursday ,1,8,2014
2014-02-21 00:00:00,2014,2,21,5,Friday   ,1,8,2014
2014-02-22 00:00:00,2014,2,22,6,Saturday ,1,8,2014
2014-02-23 00:00:00,2014,2,23,7,Sunday   ,1,8,2014
2014-02-24 00:00:00,2014,2,24,1,Monday   ,1,9,2014
2014-02-25 00:00:00,2014,2,25,2,Tuesday  ,1,9,2014
2014-02-26 00:00:00,2014,2,26,3,Wednesday,1,9,2014
2014-02-27 00:00:00,2014,2,27,4,Thursday ,1,9,2014
2014-02-28 00:00:00,2014,2,28,5,Friday   ,1,9,2014
2014-03-01 00:00:00,2014,3,1,6,Saturday ,1,9,2014
2014-03-02 00:00:00,2014,3,2,7,Sunday   ,1,9,2014
2014-03-03 00:00:00,2014,3,3,1,Monday   ,1,10,2014
2014-03-04 00:00:00,2014,3,4,2,Tuesday  ,1,10,2014
2014-03-05 00:00:00,2014,3,5,3,Wednesday,1,10,2014
2014-03-06 00:00:00,2014,3,6,4,Thursday ,1,10,2014
2014-03-07 00:00:00,2014,3,7,5,Friday   ,1,10,2014
2014-03-08 00:00:00,2014,3,8,6,Saturday ,1,10,2014
2014-03-09 00:00:00,2014,3,9,7,Sunday   ,1,10,2014
2014-03-10 00:00:00,2014,3,10,1,Monday   ,1,11,2014
2014-03-11 00:00:00,2014,3,11,2,Tuesday  ,1,11,2014
2014-03-12 00:00:00,2014,3,12,3,Wednesday,1,11,2014
2014-03-13 00:00:00,2014,3,13,4,Thursday ,1,11,2014
2014-03-14 00:00:00,2014,3,14,5,Friday   ,1,11,2014
2014-03-15 00:00:00,2014,3,15,6,Saturday ,1,11,2014
2014-03-16 00:00:00,2014,3,16,7,Sunday   ,1,11,2014
2014-03-17 00:00:00,2014,3,17,1,Monday   ,1,12,2014
2014-03-18 00:00:00,2014,3,18,2,Tuesday  ,1,12,2014
2014-03-19 00:00:00,2014,3,19,3,Wednesday,1,12,2014
2014-03-20 00:00:00,2014,3,20,4,Thursday ,1,12,2014
2014-03-21 00:00:00,2014,3,21,5,Friday   ,1,12,2014
2014-03-22 00:00:00,2014,3,22,6,Saturday ,1,12,2014
2014-03-23 00:00:00,2014,3,23,7,Sunday   ,1,12,2014
2014-03-24 00:00:00,2014,3,24,1,Monday   ,1,13,2014
2014-03-25 00:00:00,2014,3,25,2,Tuesday  ,1,13,2014
2014-03-26 00:00:00,2014,3,26,3,Wednesday,1,13,2014
2014-03-27 00:00:00,2014,3,27,4,Thursday ,1,13,2014
2014-03-28 00:00:00,2014,3,28,5,Friday   ,1,13,2014
2014-03-29 00:00:00,2014,3,29,6,Saturday ,1,13,2014
2014-03-30 00:00:00,2014,3,30,7,Sunday   ,1,13,2014
2014-03-31 00:00:00,2014,3,31,1,Monday   ,1,14,2014
2014-04-01 00:00:00,2014,4,1,2,Tuesday  ,2,14,2014
2014-04-02 00:00:00,2014,4,2,3,Wednesday,2,14,2014
2014-04-03 00:00:00,2014,4,3,4,Thursday ,2,14,2014
2014-04-04 00:00:00,2014,4,4,5,Friday   ,2,14,2014
2014-04-05 00:00:00,2014,4,5,6,Saturday ,2,14,2014
2014-04-06 00:00:00,2014,4,6,7,Sunday   ,2,14,2014
2014-04-07 00:00:00,2014,4,7,1,Monday   ,2,15,2014
2014-04-08 00:00:00,2014,4,8,2,Tuesday  ,2,15,2014
2014-04-09 00:00:00,2014,4,9,3,Wednesday,2,15,2014
2014-04-10 00:00:00,2014,4,10,4,Thursday ,2,15,2014
2014-04-11 00:00:00,2014,4,11,5,Friday   ,2,15,2014
2014-04-12 00:00:00,2014,4,12,6,Saturday ,2,15,2014
2014-04-13 00:00:00,2014,4,13,7,Sunday   ,2,15,2014
2014-04-14 00:00:00,2014,4,14,1,Monday   ,2,16,2014
2014-04-15 00:00:00,2014,4,15,2,Tuesday  ,2,16,2014
2014-04-16 00:00:00,2014,4,16,3,Wednesday,2,16,2014
2014-04-17 00:00:00,2014,4,17,4,Thursday ,2,16,2014
2014-04-18 00:00:00,2014,4,18,5,Friday   ,2,16,2014
2014-04-19 00:00:00,2014,4,19,6,Saturday ,2,16,2014
2014-04-20 00:00:00,2014,4,20,7,Sunday   ,2,16,2014
2014-04-21 00:00:00,2014,4,21,1,Monday   ,2,17,2014
2014-04-22 00:00:00,2014,4,22,2,Tuesday  ,2,17,2014
2014-04-23 00:00:00,2014,4,23,3,Wednesday,2,17,2014
2014-04-24 00:00:00,2014,4,24,4,Thursday ,2,17,2014
2014-04-25 00:00:00,2014,4,25,5,Friday   ,2,17,2014
2014-04-26 00:00:00,2014,4,26,6,Saturday ,2,17,2014
2014-04-27 00:00:00,2014,4,27,7,Sunday   ,2,17,2014
2014-04-28 00:00:00,2014,4,28,1,Monday   ,2,18,2014
2014-04-29 00:00:00,2014,4,29,2,Tuesday  ,2,18,2014
2014-04-30 00:00:00,2014,4,30,3,Wednesday,2,18,2014
2014-05-01 00:00:00,2014,5,1,4,Thursday ,2,18,2014
2014-05-02 00:00:00,2014,5,2,5,Friday   ,2,18,2014
2014-05-03 00:00:00,2014,5,3,6,Saturday ,2,18,2014
2014-05-04 00:00:00,2014,5,4,7,Sunday   ,2,18,2014
2014-05-05 00:00:00,2014,5,5,1,Monday   ,2,19,2014
2014-05-06 00:00:00,2014,5,6,2,Tuesday  ,2,19,2014
2014-05-07 00:00:00,2014,5,7,3,Wednesday,2,19,2014
2014-05-08 00:00:00,2014,5,8,4,Thursday ,2,19,2014
2014-05-09 00:00:00,2014,5,9,5,Friday   ,2,19,2014
2014-05-10 00:00:00,2014,5,10,6,Saturday ,2,19,2014
2014-05-11 00:00:00,2014,5,11,7,Sunday   ,2,19,2014
2014-05-12 00:00:00,2014,5,12,1,Monday   ,2,20,2014
2014-05-13 00:00:00,2014,5,13,2,Tuesday  ,2,20,2014
2014-05-14 00:00:00,2014,5,14,3,Wednesday,2,20,2014
2014-05-15 00:00:00,2014,5,15,4,Thursday ,2,20,2014
2014-05-16 00:00:00,2014,5,16,5,Friday   ,2,20,2014
2014-05-17 00:00:00,2014,5,17,6,Saturday ,2,20,2014
2014-05-18 00:00:00,2014,5,18,7,Sunday   ,2,20,2014
2014-05-19 00:00:00,2014,5,19,1,Monday   ,2,21,2014
2014-05-20 00:00:00,2014,5,20,2,Tuesday  ,2,21,2014
2014-05-21 00:00:00,2014,5,21,3,Wednesday,2,21,2014
2014-05-22 00:00:00,2014,5,22,4,Thursday ,2,21,2014
2014-05-23 00:00:00,2014,5,23,5,Friday   ,2,21,2014
2014-05-24 00:00:00,2014,5,24,6,Saturday ,2,21,2014
2014-05-25 00:00:00,2014,5,25,7,Sunday   ,2,21,2014
2014-05-26 00:00:00,2014,5,26,1,Monday   ,2,22,2014
2014-05-27 00:00:00,2014,5,27,2,Tuesday  ,2,22,2014
2014-05-28 00:00:00,2014,5,28,3,Wednesday,2,22,2014
2014-05-29 00:00:00,2014,5,29,4,Thursday ,2,22,2014
2014-05-30 00:00:00,2014,5,30,5,Friday   ,2,22,2014
2014-05-31 00:00:00,2014,5,31,6,Saturday ,2,22,2014
2014-06-01 00:00:00,2014,6,1,7,Sunday   ,2,22,2014
2014-06-02 00:00:00,2014,6,2,1,Monday   ,2,23,2014
2014-06-03 00:00:00,2014,6,3,2,Tuesday  ,2,23,2014
2014-06-04 00:00:00,2014,6,4,3,Wednesday,2,23,2014
2014-06-05 00:00:00,2014,6,5,4,Thursday ,2,23,2014
2014-06-06 00:00:00,2014,6,6,5,Friday   ,2,23,2014
2014-06-07 00:00:00,2014,6,7,6,Saturday ,2,23,2014
2014-06-08 00:00:00,2014,6,8,7,Sunday   ,2,23,2014
2014-06-09 00:00:00,2014,6,9,1,Monday   ,2,24,2014
2014-06-10 00:00:00,2014,6,10,2,Tuesday  ,2,24,2014
2014-06-11 00:00:00,2014,6,11,3,Wednesday,2,24,2014
2014-06-12 00:00:00,2014,6,12,4,Thursday ,2,24,2014
2014-06-13 00:00:00,2014,6,13,5,Friday   ,2,24,2014
2014-06-14 00:00:00,2014,6,14,6,Saturday ,2,24,2014
2014-06-15 00:00:00,2014,6,15,7,Sunday   ,2,24,2014
2014-06-16 00:00:00,2014,6,16,1,Monday   ,2,25,2014
2014-06-17 00:00:00,2014,6,17,2,Tuesday  ,2,25,2014
2014-06-18 00:00:00,2014,6,18,3,Wednesday,2,25,2014
2014-06-19 00:00:00,2014,6,19,4,Thursday ,2,25,2014
2014-06-20 00:00:00,2014,6,20,5,Friday   ,2,25,2014
2014-06-21 00:00:00,2014,6,21,6,Saturday ,2,25,2014
2014-06-22 00:00:00,2014,6,22,7,Sunday   ,2,25,2014
2014-06-23 00:00:00,2014,6,23,1,Monday   ,2,26,2014
2014-06-24 00:00:00,2014,6,24,2,Tuesday  ,2,26,2014
2014-06-25 00:00:00,2014,6,25,3,Wednesday,2,26,2014
2014-06-26 00:00:00,2014,6,26,4,Thursday ,2,26,2014
2014-06-27 00:00:00,2014,6,27,5,Friday   ,2,26,2014
2014-06-28 00:00:00,2014,6,28,6,Saturday ,2,26,2014
2014-06-29 00:00:00,2014,6,29,7,Sunday   ,2,26,2014
2014-06-30 00:00:00,2014,6,30,1,Monday   ,2,27,2014
2014-07-01 00:00:00,2014,7,1,2,Tuesday  ,3,27,2014
2014-07-02 00:00:00,2014,7,2,3,Wednesday,3,27,2014
2014-07-03 00:00:00,2014,7,3,4,Thursday ,3,27,2014
2014-07-04 00:00:00,2014,7,4,5,Friday   ,3,27,2014
2014-07-05 00:00:00,2014,7,5,6,Saturday ,3,27,2014
2014-07-06 00:00:00,2014,7,6,7,Sunday   ,3,27,2014
2014-07-07 00:00:00,2014,7,7,1,Monday   ,3,28,2014
2014-07-08 00:00:00,2014,7,8,2,Tuesday  ,3,28,2014
2014-07-09 00:00:00,2014,7,9,3,Wednesday,3,28,2014
2014-07-10 00:00:00,2014,7,10,4,Thursday ,3,28,2014
2014-07-11 00:00:00,2014,7,11,5,Friday   ,3,28,2014
2014-07-12 00:00:00,2014,7,12,6,Saturday ,3,28,2014
2014-07-13 00:00:00,2014,7,13,7,Sunday   ,3,28,2014
2014-07-14 00:00:00,2014,7,14,1,Monday   ,3,29,2014
2014-07-15 00:00:00,2014,7,15,2,Tuesday  ,3,29,2014
2014-07-16 00:00:00,2014,7,16,3,Wednesday,3,29,2014
2014-07-17 00:00:00,2014,7,17,4,Thursday ,3,29,2014
2014-07-18 00:00:00,2014,7,18,5,Friday   ,3,29,2014
2014-07-19 00:00:00,2014,7,19,6,Saturday ,3,29,2014
2014-07-20 00:00:00,2014,7,20,7,Sunday   ,3,29,2014
2014-07-21 00:00:00,2014,7,21,1,Monday   ,3,30,2014
2014-07-22 00:00:00,2014,7,22,2,Tuesday  ,3,30,2014
2014-07-23 00:00:00,2014,7,23,3,Wednesday,3,30,2014
2014-07-24 00:00:00,2014,7,24,4,Thursday ,3,30,2014
2014-07-25 00:00:00,2014,7,25,5,Friday   ,3,30,2014
2014-07-26 00:00:00,2014,7,26,6,Saturday ,3,30,2014
2014-07-27 00:00:00,2014,7,27,7,Sunday   ,3,30,2014
2014-07-28 00:00:00,2014,7,28,1,Monday   ,3,31,2014
2014-07-29 00:00:00,2014,7,29,2,Tuesday  ,3,31,2014
2014-07-30 00:00:00,2014,7,30,3,Wednesday,3,31,2014
2014-07-31 00:00:00,2014,7,31,4,Thursday ,3,31,2014
2014-08-01 00:00:00,2014,8,1,5,Friday   ,3,31,2014
2014-08-02 00:00:00,2014,8,2,6,Saturday ,3,31,2014
2014-08-03 00:00:00,2014,8,3,7,Sunday   ,3,31,2014
2014-08-04 00:00:00,2014,8,4,1,Monday   ,3,32,2014
2014-08-05 00:00:00,2014,8,5,2,Tuesday  ,3,32,2014
2014-08-06 00:00:00,2014,8,6,3,Wednesday,3,32,2014
2014-08-07 00:00:00,2014,8,7,4,Thursday ,3,32,2014
2014-08-08 00:00:00,2014,8,8,5,Friday   ,3,32,2014
2014-08-09 00:00:00,2014,8,9,6,Saturday ,3,32,2014
2014-08-10 00:00:00,2014,8,10,7,Sunday   ,3,32,2014
2014-08-11 00:00:00,2014,8,11,1,Monday   ,3,33,2014
2014-08-12 00:00:00,2014,8,12,2,Tuesday  ,3,33,2014
2014-08-13 00:00:00,2014,8,13,3,Wednesday,3,33,2014
2014-08-14 00:00:00,2014,8,14,4,Thursday ,3,33,2014
2014-08-15 00:00:00,2014,8,15,5,Friday   ,3,33,2014
2014-08-16 00:00:00,2014,8,16,6,Saturday ,3,33,2014
2014-08-17 00:00:00,2014,8,17,7,Sunday   ,3,33,2014
2014-08-18 00:00:00,2014,8,18,1,Monday   ,3,34,2014
2014-08-19 00:00:00,2014,8,19,2,Tuesday  ,3,34,2014
2014-08-20 00:00:00,2014,8,20,3,Wednesday,3,34,2014
2014-08-21 00:00:00,2014,8,21,4,Thursday ,3,34,2014
2014-08-22 00:00:00,2014,8,22,5,Friday   ,3,34,2014
2014-08-23 00:00:00,2014,8,23,6,Saturday ,3,34,2014
2014-08-24 00:00:00,2014,8,24,7,Sunday   ,3,34,2014
2014-08-25 00:00:00,2014,8,25,1,Monday   ,3,35,2014
2014-08-26 00:00:00,2014,8,26,2,Tuesday  ,3,35,2014
2014-08-27 00:00:00,2014,8,27,3,Wednesday,3,35,2014
2014-08-28 00:00:00,2014,8,28,4,Thursday ,3,35,2014
2014-08-29 00:00:00,2014,8,29,5,Friday   ,3,35,2014
2014-08-30 00:00:00,2014,8,30,6,Saturday ,3,35,2014
2014-08-31 00:00:00,2014,8,31,7,Sunday   ,3,35,2014
2014-09-01 00:00:00,2014,9,1,1,Monday   ,3,36,2014
2014-09-02 00:00:00,2014,9,2,2,Tuesday  ,3,36,2014
2014-09-03 00:00:00,2014,9,3,3,Wednesday,3,36,2014
2014-09-04 00:00:00,2014,9,4,4,Thursday ,3,36,2014
2014-09-05 00:00:00,2014,9,5,5,Friday   ,3,36,2014
2014-09-06 00:00:00,2014,9,6,6,Saturday ,3,36,2014
2014-09-07 00:00:00,2014,9,7,7,Sunday   ,3,36,2014
2014-09-08 00:00:00,2014,9,8,1,Monday   ,3,37,2014
2014-09-09 00:00:00,2014,9,9,2,Tuesday  ,3,37,2014
2014-09-10 00:00:00,2014,9,10,3,Wednesday,3,37,2014
2014-09-11 00:00:00,2014,9,11,4,Thursday ,3,37,2014
2014-09-12 00:00:00,2014,9,12,5,Friday   ,3,37,2014
2014-09-13 00:00:00,2014,9,13,6,Saturday ,3,37,2014
2014-09-14 00:00:00,2014,9,14,7,Sunday   ,3,37,2014
2014-09-15 00:00:00,2014,9,15,1,Monday   ,3,38,2014
2014-09-16 00:00:00,2014,9,16,2,Tuesday  ,3,38,2014
2014-09-17 00:00:00,2014,9,17,3,Wednesday,3,38,2014
2014-09-18 00:00:00,2014,9,18,4,Thursday ,3,38,2014
2014-09-19 00:00:00,2014,9,19,5,Friday   ,3,38,2014
2014-09-20 00:00:00,2014,9,20,6,Saturday ,3,38,2014
2014-09-21 00:00:00,2014,9,21,7,Sunday   ,3,38,2014
2014-09-22 00:00:00,2014,9,22,1,Monday   ,3,39,2014
2014-09-23 00:00:00,2014,9,23,2,Tuesday  ,3,39,2014
2014-09-24 00:00:00,2014,9,24,3,Wednesday,3,39,2014
2014-09-25 00:00:00,2014,9,25,4,Thursday ,3,39,2014
2014-09-26 00:00:00,2014,9,26,5,Friday   ,3,39,2014
2014-09-27 00:00:00,2014,9,27,6,Saturday ,3,39,2014
2014-09-28 00:00:00,2014,9,28,7,Sunday   ,3,39,2014
2014-09-29 00:00:00,2014,9,29,1,Monday   ,3,40,2014
2014-09-30 00:00:00,2014,9,30,2,Tuesday  ,3,40,2014
2014-10-01 00:00:00,2014,10,1,3,Wednesday,4,40,2014
2014-10-02 00:00:00,2014,10,2,4,Thursday ,4,40,2014
2014-10-03 00:00:00,2014,10,3,5,Friday   ,4,40,2014
2014-10-04 00:00:00,2014,10,4,6,Saturday ,4,40,2014
2014-10-05 00:00:00,2014,10,5,7,Sunday   ,4,40,2014
2014-10-06 00:00:00,2014,10,6,1,Monday   ,4,41,2014
2014-10-07 00:00:00,2014,10,7,2,Tuesday  ,4,41,2014
2014-10-08 00:00:00,2014,10,8,3,Wednesday,4,41,2014
2014-10-09 00:00:00,2014,10,9,4,Thursday ,4,41,2014
2014-10-10 00:00:00,2014,10,10,5,Friday   ,4,41,2014
2014-10-11 00:00:00,2014,10,11,6,Saturday ,4,41,2014
2014-10-12 00:00:00,2014,10,12,7,Sunday   ,4,41,2014
2014-10-13 00:00:00,2014,10,13,1,Monday   ,4,42,2014
2014-10-14 00:00:00,2014,10,14,2,Tuesday  ,4,42,2014
2014-10-15 00:00:00,2014,10,15,3,Wednesday,4,42,2014
2014-10-16 00:00:00,2014,10,16,4,Thursday ,4,42,2014
2014-10-17 00:00:00,2014,10,17,5,Friday   ,4,42,2014
2014-10-18 00:00:00,2014,10,18,6,Saturday ,4,42,2014
2014-10-19 00:00:00,2014,10,19,7,Sunday   ,4,42,2014
2014-10-20 00:00:00,2014,10,20,1,Monday   ,4,43,2014
2014-10-21 00:00:00,2014,10,21,2,Tuesday  ,4,43,2014
2014-10-22 00:00:00,2014,10,22,3,Wednesday,4,43,2014
2014-10-23 00:00:00,2014,10,23,4,Thursday ,4,43,2014
2014-10-24 00:00:00,2014,10,24,5,Friday   ,4,43,2014
2014-10-25 00:00:00,2014,10,25,6,Saturday ,4,43,2014
2014-10-26 00:00:00,2014,10,26,7,Sunday   ,4,43,2014
2014-10-27 00:00:00,2014,10,27,1,Monday   ,4,44,2014
2014-10-28 00:00:00,2014,10,28,2,Tuesday  ,4,44,2014
2014-10-29 00:00:00,2014,10,29,3,Wednesday,4,44,2014
2014-10-30 00:00:00,2014,10,30,4,Thursday ,4,44,2014
2014-10-31 00:00:00,2014,10,31,5,Friday   ,4,44,2014
2014-11-01 00:00:00,2014,11,1,6,Saturday ,4,44,2014
2014-11-02 00:00:00,2014,11,2,7,Sunday   ,4,44,2014
2014-11-03 00:00:00,2014,11,3,1,Monday   ,4,45,2014
2014-11-04 00:00:00,2014,11,4,2,Tuesday  ,4,45,2014
2014-11-05 00:00:00,2014,11,5,3,Wednesday,4,45,2014
2014-11-06 00:00:00,2014,11,6,4,Thursday ,4,45,2014
2014-11-07 00:00:00,2014,11,7,5,Friday   ,4,45,2014
2014-11-08 00:00:00,2014,11,8,6,Saturday ,4,45,2014
2014-11-09 00:00:00,2014,11,9,7,Sunday   ,4,45,2014
2014-11-10 00:00:00,2014,11,10,1,Monday   ,4,46,2014
2014-11-11 00:00:00,2014,11,11,2,Tuesday  ,4,46,2014
2014-11-12 00:00:00,2014,11,12,3,Wednesday,4,46,2014
2014-11-13 00:00:00,2014,11,13,4,Thursday ,4,46,2014
2014-11-14 00:00:00,2014,11,14,5,Friday   ,4,46,2014
2014-11-15 00:00:00,2014,11,15,6,Saturday ,4,46,2014
2014-11-16 00:00:00,2014,11,16,7,Sunday   ,4,46,2014
2014-11-17 00:00:00,2014,11,17,1,Monday   ,4,47,2014
2014-11-18 00:00:00,2014,11,18,2,Tuesday  ,4,47,2014
2014-11-19 00:00:00,2014,11,19,3,Wednesday,4,47,2014
2014-11-20 00:00:00,2014,11,20,4,Thursday ,4,47,2014
2014-11-21 00:00:00,2014,11,21,5,Friday   ,4,47,2014
2014-11-22 00:00:00,2014,11,22,6,Saturday ,4,47,2014
2014-11-23 00:00:00,2014,11,23,7,Sunday   ,4,47,2014
2014-11-24 00:00:00,2014,11,24,1,Monday   ,4,48,2014
2014-11-25 00:00:00,2014,11,25,2,Tuesday  ,4,48,2014
2014-11-26 00:00:00,2014,11,26,3,Wednesday,4,48,2014
2014-11-27 00:00:00,2014,11,27,4,Thursday ,4,48,2014
2014-11-28 00:00:00,2014,11,28,5,Friday   ,4,48,2014
2014-11-29 00:00:00,2014,11,29,6,Saturday ,4,48,2014
2014-11-30 00:00:00,2014,11,30,7,Sunday   ,4,48,2014
2014-12-01 00:00:00,2014,12,1,1,Monday   ,4,49,2014
2014-12-02 00:00:00,2014,12,2,2,Tuesday  ,4,49,2014
2014-12-03 00:00:00,2014,12,3,3,Wednesday,4,49,2014
2014-12-04 00:00:00,2014,12,4,4,Thursday ,4,49,2014
2014-12-05 00:00:00,2014,12,5,5,Friday   ,4,49,2014
2014-12-06 00:00:00,2014,12,6,6,Saturday ,4,49,2014
2014-12-07 00:00:00,2014,12,7,7,Sunday   ,4,49,2014
2014-12-08 00:00:00,2014,12,8,1,Monday   ,4,50,2014
2014-12-09 00:00:00,2014,12,9,2,Tuesday  ,4,50,2014
2014-12-10 00:00:00,2014,12,10,3,Wednesday,4,50,2014
2014-12-11 00:00:00,2014,12,11,4,Thursday ,4,50,2014
2014-12-12 00:00:00,2014,12,12,5,Friday   ,4,50,2014
2014-12-13 00:00:00,2014,12,13,6,Saturday ,4,50,2014
2014-12-14 00:00:00,2014,12,14,7,Sunday   ,4,50,2014
2014-12-15 00:00:00,2014,12,15,1,Monday   ,4,51,2014
2014-12-16 00:00:00,2014,12,16,2,Tuesday  ,4,51,2014
2014-12-17 00:00:00,2014,12,17,3,Wednesday,4,51,2014
2014-12-18 00:00:00,2014,12,18,4,Thursday ,4,51,2014
2014-12-19 00:00:00,2014,12,19,5,Friday   ,4,51,2014
2014-12-20 00:00:00,2014,12,20,6,Saturday ,4,51,2014
2014-12-21 00:00:00,2014,12,21,7,Sunday   ,4,51,2014
2014-12-22 00:00:00,2014,12,22,1,Monday   ,4,52,2014
2014-12-23 00:00:00,2014,12,23,2,Tuesday  ,4,52,2014
2014-12-24 00:00:00,2014,12,24,3,Wednesday,4,52,2014
2014-12-25 00:00:00,2014,12,25,4,Thursday ,4,52,2014
2014-12-26 00:00:00,2014,12,26,5,Friday   ,4,52,2014
2014-12-27 00:00:00,2014,12,27,6,Saturday ,4,52,2014
2014-12-28 00:00:00,2014,12,28,7,Sunday   ,4,52,2014
2014-12-29 00:00:00,2014,12,29,1,Monday   ,4,1,2015
2014-12-30 00:00:00,2014,12,30,2,Tuesday  ,4,1,2015
2014-12-31 00:00:00,2014,12,31,3,Wednesday,4,1,2015
